ID_Unico;Data;Modalidade;Cidade;Órgão;Natureza;Função;Categoria_Final;Objeto;Valor;Link
https://portaldecompraspublicas.com.br/processos/RN/Prefeitura-Municipal-de-Santo-Antonio-1615/RPE-46-2025-2026-443997;2026-01-15;Pregão;Santo Antônio;MUNICIPIO DE SANTO ANTONIO;AQUISIÇÃO;OUTROS;AQUISIÇÃO - OUTROS;[Portal de Compras Públicas] - Locação de equipamentos para realização de exames de bioquímica por reflectometria com fornecimento de reagentes.;150325.01;https://portaldecompraspublicas.com.br/processos/RN/Prefeitura-Municipal-de-Santo-Antonio-1615/RPE-46-2025-2026-443997
https://portaldecompraspublicas.com.br/processos/RN/Prefeitura-Municipal-de-Extremoz-1127/RPE-39-2025-2026-445033;2026-01-15;Pregão;Extremoz;MUNICIPIO DE EXTREMOZ;AQUISIÇÃO;OUTROS;AQUISIÇÃO - OUTROS;[Portal de Compras Públicas] - Futura e eventual registro de preços para aquisição de extintores, manutenção, placas de identificação e recarga dos extintores para a Prefeitura de Extremoz e suas respectivas Secretarias.;2065542.32;https://portaldecompraspublicas.com.br/processos/RN/Prefeitura-Municipal-de-Extremoz-1127/RPE-39-2025-2026-445033
https://portaldecompraspublicas.com.br/processos/RN/Prefeitura-Municipal-de-Touros-2120/PE-3-2026-2026-449907;2026-01-15;Pregão;Touros;MUNICIPIO DE TOUROS;AQUISIÇÃO;OUTROS;AQUISIÇÃO - OUTROS;[Portal de Compras Públicas] - Contratação de empresa especializada em terceirização de serviços educacionais, tais como auxiliares de sala, monitores, cuidadores, merendeiras, secretários escolares, motoristas e demais funções de suporte, para atender as necessidades da Secretaria Municipal de Educação do município de Touros/RN.;23049734.52;https://portaldecompraspublicas.com.br/processos/RN/Prefeitura-Municipal-de-Touros-2120/PE-3-2026-2026-449907
https://portaldecompraspublicas.com.br/processos/RN/Prefeitura-Municipal-de-Jardim-de-Angicos-1367/RPE-001-2026-2026-449924;2026-01-15;Pregão;Jardim de Angicos;MUNICIPIO DE JARDIM DE ANGICOS;AQUISIÇÃO;OUTROS;AQUISIÇÃO - OUTROS;[Portal de Compras Públicas] - REGISTRO DE PREÇOS PARA FUTURA AQUISIÇÃO DE GÊNEROS ALIMENTÍCIOS VISANDO ATENDER AS NECESSIDADES DAS SECRETARIAS DESTE MUNICÍPIO, MANTER OS SERVIÇOS PÚBLICOS ESSENCIAIS EM FUNCIONAMENTO, CONFORME TERMO DE REFERÊNCIA E DEMAIS ANEXOS;0.0;https://portaldecompraspublicas.com.br/processos/RN/Prefeitura-Municipal-de-Jardim-de-Angicos-1367/RPE-001-2026-2026-449924
https://portaldecompraspublicas.com.br/processos/RN/Prefeitura-Municipal-de-Ipanguacu-1136/RPE-001-2026-2026-449937;2026-01-15;Pregão;Ipanguaçu;MUNICIPIO DE IPANGUACU;AQUISIÇÃO;OUTROS;AQUISIÇÃO - OUTROS;[Portal de Compras Públicas] - Registro de preço para futura contratação de empresa especializada na prestação de serviços de locação de veículos automotores, especificamente para fornecimento de: trio elétrico (grande porte) e trio pranchão, para atender as necessidades da secretaria municipal de cultura, eventos e turismo do município de Ipanguaçu/RN.;610700.0;https://portaldecompraspublicas.com.br/processos/RN/Prefeitura-Municipal-de-Ipanguacu-1136/RPE-001-2026-2026-449937
https://portaldecompraspublicas.com.br/processos/RN/Prefeitura-Municipal-de-Jardim-de-Angicos-1367/RPE-002-2026-2026-449973;2026-01-15;Pregão;Jardim de Angicos;MUNICIPIO DE JARDIM DE ANGICOS;AQUISIÇÃO;OUTROS;AQUISIÇÃO - OUTROS;[Portal de Compras Públicas] - REGISTRO DE PREÇOS PARA FUTURA AQUISIÇÃO DE GÊNEROS ALIMENTÍCIOS DESTINADOS À MERENDA ESCOLAR, OBJETIVANDO ATENDER A DEMANDA DAS ESCOLAS PÚBLICAS DO MUNICÍPIO DE JARDIM DE ANGICOS/RN DURANTE O ANO LETIVO DE 2026, CONFORME TERMO DE REFERÊNCIA E DEMAIS ANEXOS.;0.0;https://portaldecompraspublicas.com.br/processos/RN/Prefeitura-Municipal-de-Jardim-de-Angicos-1367/RPE-002-2026-2026-449973
https://portaldecompraspublicas.com.br/processos/RN/Prefeitura-Municipal-de-Assu-1270/RPE-036-2025-2026-450001;2026-01-15;Pregão;Açu;MUNICIPIO DE ASSU;AQUISIÇÃO;OUTROS;AQUISIÇÃO - OUTROS;[Portal de Compras Públicas] - Registro de Preços para futura e eventual contratação de empresa para aquisição e instalação de sinalização de trânsito horizontal e vertical no município de Assu/RN, conforme condições, quantidades e exigências estabelecidas neste Edital e seus anexos;2800115.0;https://portaldecompraspublicas.com.br/processos/RN/Prefeitura-Municipal-de-Assu-1270/RPE-036-2025-2026-450001
https://portaldecompraspublicas.com.br/processos/RN/Prefeitura-Municipal-de-Carnaubais-1631/PE-PE-004-2026-2026-450012;2026-01-15;Pregão;Carnaubais;MUNICIPIO DE CARNAUBAIS;AQUISIÇÃO;OUTROS;AQUISIÇÃO - OUTROS;[Portal de Compras Públicas] - AQUISIÇÃO DE UM VEÍCULO AUTOMOTOR NOVO, TIPO VAN, PARA COMPOR E RENOVAR A FROTA DA SECRETARIA MUNICIPAL DE SAÚDE DE CARNAUBAIS/RN.;367142.86;https://portaldecompraspublicas.com.br/processos/RN/Prefeitura-Municipal-de-Carnaubais-1631/PE-PE-004-2026-2026-450012
https://portaldecompraspublicas.com.br/processos/RN/Prefeitura-Municipal-de-Brejinho-1150/RPE-PE-01-2026-2026-449734;2026-01-15;Pregão;Brejinho;MUNICIPIO DE BREJINHO;AQUISIÇÃO;OUTROS;AQUISIÇÃO - OUTROS;[Portal de Compras Públicas] - REGISTRO DE PREÇOS PARA AQUISIÇÃO DE EQUIPAMENTOS E MATERIAIS PERMANENTES PARA ATENDER AS NECESSIDADES DA SECRETARIA MUNICIPAL DE SAÚDE DE BREJINHO/RN;0.0;https://portaldecompraspublicas.com.br/processos/RN/Prefeitura-Municipal-de-Brejinho-1150/RPE-PE-01-2026-2026-449734
https://cnetmobile.estaleiro.serpro.gov.br/comprasnet-web/public/landing?destino=acompanhamento-compra&compra=92555005900072026;2026-01-16;Pregão;Natal;RIO GRANDE DO NORTE SECRETARIA DA SAUDE PUBLICA;AQUISIÇÃO;OUTROS;AQUISIÇÃO - OUTROS;A presente licitação tem por objeto o Registro de Preços com vistas à aquisição de CPAB bolha atender às necessidades dos Hospitais da Secretaria Estadual de Saúde do Rio Grande do Norte (SESAP), conforme condições, quantidades e exigências estabelecidas no Termo de Referência, através de um REGISTRO DE PREÇO. Previsto no Plano de contratações :Id pca PNCP: 08241754000145-0-000001/2025 , PCA 2025 - 925550 - ERN - SECRETARIA DE ESTADO DE SAÚDE PÚBLICA.;0.0;https://cnetmobile.estaleiro.serpro.gov.br/comprasnet-web/public/landing?destino=acompanhamento-compra&compra=92555005900072026
https://cnetmobile.estaleiro.serpro.gov.br/comprasnet-web/public/landing?destino=acompanhamento-compra&compra=98166105900012026;2026-01-16;Pregão;Currais Novos;MUNICIPIO DE CURRAIS NOVOS;AQUISIÇÃO;OUTROS;AQUISIÇÃO - OUTROS;Registro de preço para futura e eventual aquisição de geradores com a finalidade de atender demandas das Secretarias Municipais.;0.0;https://cnetmobile.estaleiro.serpro.gov.br/comprasnet-web/public/landing?destino=acompanhamento-compra&compra=98166105900012026
https://cnetmobile.estaleiro.serpro.gov.br/comprasnet-web/public/landing?destino=acompanhamento-compra&compra=92553805901632025;2026-01-16;Pregão;Natal;RIO GRANDE DO NORTE SECRETARIA DA ADMINISTRACAO;AQUISIÇÃO;OUTROS;AQUISIÇÃO - OUTROS;Aquisição de Equipamentos e Soluções de Tecnologia, incluindo fornecimento, instalação, configuração, licenças e treinamento, para a modernização integral do Controlador Central e dos subsistemas que compõem o sistema de radiocomunicação digital (Padrão APCO25).;7000000.0;https://cnetmobile.estaleiro.serpro.gov.br/comprasnet-web/public/landing?destino=acompanhamento-compra&compra=92553805901632025
https://cnetmobile.estaleiro.serpro.gov.br/comprasnet-web/public/landing?destino=acompanhamento-compra&compra=15310305900072025;2026-01-16;Pregão;Natal;UNIVERSIDADE FEDERAL DO RIO GRANDE DO NORTE;AQUISIÇÃO;OUTROS;AQUISIÇÃO - OUTROS;Pregão Eletrônico SISRP Nº.: 90007/2025 - Aquisição de equipamentos de processamento de dados (solução não tic) para atender demandas da UFRN pelo período de 12 (doze) meses.;1965368.6;https://cnetmobile.estaleiro.serpro.gov.br/comprasnet-web/public/landing?destino=acompanhamento-compra&compra=15310305900072025
https://portaldecompraspublicas.com.br/processos/RN/Prefeitura-Municipal-de-Sao-Jose-do-Serido-1054/PE-002-2026-2026-449835;2026-01-16;Pregão;São José do Seridó;MUNICIPIO DE SAO JOSE DO SERIDO;AQUISIÇÃO;OUTROS;AQUISIÇÃO - OUTROS;[Portal de Compras Públicas] - REGISTRO DE PREÇOS PARA POSSÍVEL CONTRATAÇÃO GRADATIVA DE EMPRESA ESPECIALIZADA NA INSTALAÇÃO E MANUTENÇÃO DE EQUIPAMENTOS DE REFRIGERAÇÃO.;164920.0;https://portaldecompraspublicas.com.br/processos/RN/Prefeitura-Municipal-de-Sao-Jose-do-Serido-1054/PE-002-2026-2026-449835
https://portaldecompraspublicas.com.br/processos/RN/Prefeitura-Municipal-de-Tibau-do-Sul-1121/RPE-38-2025-2026-450145;2026-01-16;Pregão;Tibau do Sul;MUNICIPIO DE TIBAU DO SUL;AQUISIÇÃO;OUTROS;AQUISIÇÃO - OUTROS;[Portal de Compras Públicas] - REGISTRO DE PREÇOS PARA EVENTUAL E FUTURA CONTRATAÇÃO DE EMPRESA PARA PRESTAÇÃO DE SERVIÇOS GRÁFICOS, A FIM DE ATENDER AS DEMANDAS DA PREFEITURA DE TIBAU DO SUL/RN.;0.0;https://portaldecompraspublicas.com.br/processos/RN/Prefeitura-Municipal-de-Tibau-do-Sul-1121/RPE-38-2025-2026-450145
https://portaldecompraspublicas.com.br/processos/RN/Servico-Autonomo-de-Agua-e-Esgoto-de-Sao-Goncalo-do-Amarante-1431/RPE-PE-0471-2025-2026-450153;2026-01-16;Pregão;São Gonçalo do Amarante;SERVICO AUTONOMO DE AGUA E ESGOTO;AQUISIÇÃO;OUTROS;AQUISIÇÃO - OUTROS;[Portal de Compras Públicas] - Contratação de empresa especializada para aquisição de bebedouro elétrico, incluindo componentes e acessórios (torneira, filtro, purificador e refis), destinados ao atendimento das necessidades do Serviço Autônomo de Água e Esgoto de São Gonçalo do Amarante – SAAE/SGA.;18456.46;https://portaldecompraspublicas.com.br/processos/RN/Servico-Autonomo-de-Agua-e-Esgoto-de-Sao-Goncalo-do-Amarante-1431/RPE-PE-0471-2025-2026-450153
https://portaldecompraspublicas.com.br/processos/RN/Prefeitura-Municipal-de-Barcelona-1085/RPE-016-2026-2026-448555;2026-01-16;Pregão;Barcelona;MUNICIPIO DE BARCELONA;AQUISIÇÃO;SAÚDE - MEDICAMENTOS;AQUISIÇÃO - SAÚDE - MEDICAMENTOS;[Portal de Compras Públicas] - Aquisição de medicamentos de controle especial.;0.0;https://portaldecompraspublicas.com.br/processos/RN/Prefeitura-Municipal-de-Barcelona-1085/RPE-016-2026-2026-448555
http://compras.m2atecnologia.com.br/processos/publicacao/2b91d548eb244c2ea27708cf5b265bab/registro-de-precos-para-contratacao-de-empresa-par;2026-01-16;Pregão;Porto do Mangue;MUNICIPIO DE PORTO DO MANGUE;AQUISIÇÃO;OUTROS;AQUISIÇÃO - OUTROS;REGISTRO DE PREÇOS PARA CONTRATAÇÃO DE EMPRESA PARA O FORNECIMENTO DE ITENS PERMANENTES PARA COPA E COZINHA DAS DIVERSAS SECRETARIAS DO MUNICÍPIO DE PORTO DO MANGUE – RN.;240526.0;http://compras.m2atecnologia.com.br/processos/publicacao/2b91d548eb244c2ea27708cf5b265bab/registro-de-precos-para-contratacao-de-empresa-par
https://portaldecompraspublicas.com.br/processos/RN/Prefeitura-Municipal-de-Barauna-1473/PE-002-2026-2026-448947;2026-01-16;Pregão;Baraúna;MUNICIPIO DE BARAUNA;AQUISIÇÃO;SAÚDE - MEDICAMENTOS;AQUISIÇÃO - SAÚDE - MEDICAMENTOS;[Portal de Compras Públicas] - A CONTRATAÇÃO DE PESSOA JURÍDICA PARA AQUISIÇÃO DE MEDICAMENTOS DE CONTROLE ESPECIAL DA PORTARIA Nº 344/98, DESTINADOS A ATENDER AS NECESSIDADES DA FARMÁCIA BÁSICA, E DO HOSPITAL E MATERNIDADE FRANCISCO BEZERRA SOBRINHO DO MUNICÍPIO DE BARAÚNA/RN.;3586241.5;https://portaldecompraspublicas.com.br/processos/RN/Prefeitura-Municipal-de-Barauna-1473/PE-002-2026-2026-448947
https://portaldecompraspublicas.com.br/processos/RN/Prefeitura-Municipal-de-Barauna-1473/PE-001-2026-2026-450140;2026-01-16;Pregão;Baraúna;MUNICIPIO DE BARAUNA;AQUISIÇÃO;SAÚDE - MEDICAMENTOS;AQUISIÇÃO - SAÚDE - MEDICAMENTOS;[Portal de Compras Públicas] - CONTRATAÇÃO DE PESSOA JURÍDICA VISANDO A AQUISIÇÃO DE MEDICAMENTOS DESTINADOS A ATENDER AS NECESSIDADES DO HOSPITAL E MATERNIDADE FRANCISCO BEZERRA SOBRINHO DO MUNICÍPIO DE BARAÚNA/RN.;3276808.0;https://portaldecompraspublicas.com.br/processos/RN/Prefeitura-Municipal-de-Barauna-1473/PE-001-2026-2026-450140
https://portaldecompraspublicas.com.br/processos/RN/Prefeitura-Municipal-de-Assu-1270/RPE-033-2025-2026-450266;2026-01-16;Pregão;Açu;MUNICIPIO DE ASSU;AQUISIÇÃO;SAÚDE - MEDICAMENTOS;AQUISIÇÃO - SAÚDE - MEDICAMENTOS;[Portal de Compras Públicas] - Registro de Preços para aquisição de medicamentos básicos, destinados a suprir as necessidades da rede municipal de saúde do Município de Assú/RN.;11107730.6;https://portaldecompraspublicas.com.br/processos/RN/Prefeitura-Municipal-de-Assu-1270/RPE-033-2025-2026-450266
https://portaldecompraspublicas.com.br/processos/RN/Prefeitura-Municipal-de-Brejinho-1150/RPE-PE-02-2026-2026-450273;2026-01-16;Pregão;Brejinho;MUNICIPIO DE BREJINHO;AQUISIÇÃO;OUTROS;AQUISIÇÃO - OUTROS;[Portal de Compras Públicas] - REGISTRO DE PREÇOS PARA AQUISIÇÃO DE JOGOS, BRINQUEDOS, MATERIAIS E EQUIPAMENTOS PEDAGÓGICOS, EDUCATIVOS, FISIOTERAPÊUTICOS, ESTIMULATÓRIOS E CORRELATOS PARA ATENDER AS NECESSIDADES DO MUNICÍPIO DE BREJINHO/RN;0.0;https://portaldecompraspublicas.com.br/processos/RN/Prefeitura-Municipal-de-Brejinho-1150/RPE-PE-02-2026-2026-450273
https://portaldecompraspublicas.com.br/processos/RN/Prefeitura-Municipal-de-Santa-Cruz-1190/RPE-3-2026-2026-450325;2026-01-16;Pregão;Santa Cruz;MUNICIPIO DE SANTA CRUZ;AQUISIÇÃO;OUTROS;AQUISIÇÃO - OUTROS;[Portal de Compras Públicas] - Registro de preços para possível contratação de empresa especializada em locação de trio elétrico, para utilização em datas comemorativas do calendário de festividades do Município de Santa Cruz/RN;260679.96;https://portaldecompraspublicas.com.br/processos/RN/Prefeitura-Municipal-de-Santa-Cruz-1190/RPE-3-2026-2026-450325
https://portaldecompraspublicas.com.br/processos/RN/Prefeitura-Municipal-de-Fernando-Pedroza-1357/RPE-001-2026-2026-450292;2026-01-18;Pregão;Fernando Pedroza;MUNICIPIO DE FERNANDO PEDROZA;AQUISIÇÃO;OUTROS;AQUISIÇÃO - OUTROS;[Portal de Compras Públicas] - Registro de Preço para futura e eventual aquisição de insumos médicos hospitalares, para atender a Secretaria Municipal de Saúde do município de Fernando Pedroza/RN.;0.0;https://portaldecompraspublicas.com.br/processos/RN/Prefeitura-Municipal-de-Fernando-Pedroza-1357/RPE-001-2026-2026-450292
https://portaldecompraspublicas.com.br/processos/RN/Prefeitura-Municipal-de-Macau-1789/RPE-1-2026-2026-449789;2026-01-18;Pregão;Macau;MUNICIPIO DE MACAU;OBRAS;OUTROS;OBRAS - OUTROS;[Portal de Compras Públicas] - Contratação de Serviços de Engenharia de Trânsito compreendendo, recuperação, fornecimento e instalação de semáforos nas vias públicas do município de Macau/RN;0.0;https://portaldecompraspublicas.com.br/processos/RN/Prefeitura-Municipal-de-Macau-1789/RPE-1-2026-2026-449789
https://cnetmobile.estaleiro.serpro.gov.br/comprasnet-web/public/landing?destino=acompanhamento-compra&compra=92669705900012026;2026-01-19;Pregão;Natal;RIO G DO NORTE ASSEMBLEIA LEGISLATIVA DO RIO G DO NORTE;AQUISIÇÃO;OUTROS;AQUISIÇÃO - OUTROS;Registro de preços para eventual e futura aquisição e instalação de aparelhos de Ar-condicionado, conforme condições e exigências estabelecidas no Edital e seus anexos.;0.0;https://cnetmobile.estaleiro.serpro.gov.br/comprasnet-web/public/landing?destino=acompanhamento-compra&compra=92669705900012026
https://cnetmobile.estaleiro.serpro.gov.br/comprasnet-web/public/landing?destino=acompanhamento-compra&compra=98166105900022026;2026-01-19;Pregão;Currais Novos;MUNICIPIO DE CURRAIS NOVOS;AQUISIÇÃO;OUTROS;AQUISIÇÃO - OUTROS;Contratação de serviço de manutenção para materias odontológicos permanentes destinados às unidades básicas de saúde e ao centro de especialidades odontológicas.;0.0;https://cnetmobile.estaleiro.serpro.gov.br/comprasnet-web/public/landing?destino=acompanhamento-compra&compra=98166105900022026
https://cnetmobile.estaleiro.serpro.gov.br/comprasnet-web/public/landing?destino=acompanhamento-compra&compra=15501305900082026;2026-01-19;Pregão;Natal;EMPRESA BRASILEIRA DE SERVICOS HOSPITALARES - EBSERH;SERVIÇOS;OUTROS;SERVIÇOS - OUTROS;Contratação de empresa especializada para a prestação de serviço continuado de apoio para realização de exames laboratoriais especializados, a fim de atender as necessidades do Hospital Universitário Onofre Lopes, vinculado à Universidade Federal do Rio Grande do Norte pertencente à Rede da Empresa Brasileira de Serviços Hospitalares – Ebserh, por um período de 12 (doze) meses;0.0;https://cnetmobile.estaleiro.serpro.gov.br/comprasnet-web/public/landing?destino=acompanhamento-compra&compra=15501305900082026
https://cnetmobile.estaleiro.serpro.gov.br/comprasnet-web/public/landing?destino=acompanhamento-compra&compra=15501505900362025;2026-01-19;Pregão;Natal;EMPRESA BRASILEIRA DE SERVICOS HOSPITALARES - EBSERH;AQUISIÇÃO;OUTROS;AQUISIÇÃO - OUTROS;Aquisição de materiais médico-hospitalares (Parte C), a fim de atender às necessidades da Maternidade Escola Januário Cicco - MEJC, filial da Empresa Brasileira de Serviços Hospitalares para um período de 12 (doze) meses, prorrogável por igual período, compreendendo os exercícios de 2025-2026.;0.0;https://cnetmobile.estaleiro.serpro.gov.br/comprasnet-web/public/landing?destino=acompanhamento-compra&compra=15501505900362025
https://transparencia.agilirn.com.br/prefcarnaubadantas-rn/licitacoes/licitacao?id=1462;2026-01-19;Pregão;Carnaúba dos Dantas;MUNICIPIO DE CARNAUBA DOS DANTAS;AQUISIÇÃO;OUTROS;AQUISIÇÃO - OUTROS;REGISTRO DE PREÇOS PARA CONTRATAÇÃO DE EMPRESA ESPECIALIZADA NO FORNECIMENTO DE MATERIAIS DIDÁTICOS, PEDAGÓGICOS E AVIAMENTOS PARA SUPORTE ÀS AÇÕES DA EDUCAÇÃO MUNICIPAL E ESCOLAS MUNICIPAIS;502454.55;https://transparencia.agilirn.com.br/prefcarnaubadantas-rn/licitacoes/licitacao?id=1462
https://portaldecompraspublicas.com.br/processos/RN/Prefeitura-Municipal-de-Tenente-Laurentino-Cruz-1598/RPE-39-2025-2025-2026-450495;2026-01-19;Pregão;Tenente Laurentino Cruz;MUNICIPIO DE TENENTE LAURENTINO CRUZ;SERVIÇOS;OUTROS;SERVIÇOS - OUTROS;[Portal de Compras Públicas] - Contratação futura e eventual de empresa especializada para o fornecimento de materiais de limpeza, destinados ao atendimento das necessidades das diversas secretarias e órgãos da Prefeitura Municipal de Tenente Laurentino Cruz/RN.;1993544.56;https://portaldecompraspublicas.com.br/processos/RN/Prefeitura-Municipal-de-Tenente-Laurentino-Cruz-1598/RPE-39-2025-2025-2026-450495
https://portaldecompraspublicas.com.br/processos/RN/Prefeitura-Municipal-de-Sao-Fernando-1137/RPE-001-2026-2026-450615;2026-01-19;Pregão;São Fernando;MUNICIPIO DE SAO FERNANDO;AQUISIÇÃO;OUTROS;AQUISIÇÃO - OUTROS;[Portal de Compras Públicas] - Registro de Preços para possível Aquisição de combustíveis voltados a atender as necessidades da frota automotiva própria e incorporada mediante locação/cessão, da Prefeitura Municipal de São Fernando/RN.;1981800.0;https://portaldecompraspublicas.com.br/processos/RN/Prefeitura-Municipal-de-Sao-Fernando-1137/RPE-001-2026-2026-450615
https://portaldecompraspublicas.com.br/processos/RN/Prefeitura-Municipal-de-Touros-2120/PE-04-2026-2026-450659;2026-01-19;Pregão;Touros;MUNICIPIO DE TOUROS;AQUISIÇÃO;OUTROS;AQUISIÇÃO - OUTROS;[Portal de Compras Públicas] - Registro de preços para eventual e futura aquisição de camas beliches e colchões, para suprir a demanda de acomodação na manutenção das dependências do alojamento da Polícia Militar (em atuação de suas atividades no município de Touros/RN), do Departamento Municipal de Trânsito-DEMUTRAN, da Garagem Central e suprir necessidades das unidades administrativas do município de Touros/RN.;146845.0;https://portaldecompraspublicas.com.br/processos/RN/Prefeitura-Municipal-de-Touros-2120/PE-04-2026-2026-450659
https://portaldecompraspublicas.com.br/processos/RN/Prefeitura-Municipal-de-Passagem-2032/RPE-002-2026-2026-450694;2026-01-19;Pregão;Passagem;MUNICIPIO DE PASSAGEM;AQUISIÇÃO;OUTROS;AQUISIÇÃO - OUTROS;[Portal de Compras Públicas] - Registro de Preços para contratação de pessoa jurídica para aquisição de gêneros alimentícios destinados a atender as necessidades de unidades administrativas pertencentes a Prefeitura Municipal de Passagem/RN.;1790351.32;https://portaldecompraspublicas.com.br/processos/RN/Prefeitura-Municipal-de-Passagem-2032/RPE-002-2026-2026-450694
https://cnetmobile.estaleiro.serpro.gov.br/comprasnet-web/public/landing?destino=acompanhamento-compra&compra=12063105900012026;2026-01-20;Pregão;Natal;COMANDO DA AERONAUTICA;AQUISIÇÃO;OUTROS;AQUISIÇÃO - OUTROS;Aquisição de Equipamento de Proteção Individual (EPI), Equipamento de Proteção coletivo (EPC) e Protetor Solar para Base Aérea de Natal. PAG: 67222.015101/2025-16;771697.83;https://cnetmobile.estaleiro.serpro.gov.br/comprasnet-web/public/landing?destino=acompanhamento-compra&compra=12063105900012026
https://cnetmobile.estaleiro.serpro.gov.br/comprasnet-web/public/landing?destino=acompanhamento-compra&compra=98177905900012026;2026-01-20;Pregão;Parnamirim;MUNICIPIO DE PARNAMIRIM;AQUISIÇÃO;OUTROS;AQUISIÇÃO - OUTROS;Contratação de Empresas Qualificadas e For- necedoras de Aparelhos Auditivos de Amplificação Sonora Individual (AASI), para atender as necessidades da ala auditiva do Centro Especializado em Reabilitação – CER III, pertencente ao Município de Parnamirim/RN.;0.0;https://cnetmobile.estaleiro.serpro.gov.br/comprasnet-web/public/landing?destino=acompanhamento-compra&compra=98177905900012026
https://cnetmobile.estaleiro.serpro.gov.br/comprasnet-web/public/landing?destino=acompanhamento-compra&compra=15501305900022026;2026-01-20;Pregão;Natal;EMPRESA BRASILEIRA DE SERVICOS HOSPITALARES - EBSERH;AQUISIÇÃO;OUTROS;AQUISIÇÃO - OUTROS;Aquisição de soluções parenterais de pequeno e grande volume (SPGV) (Parte III).;0.0;https://cnetmobile.estaleiro.serpro.gov.br/comprasnet-web/public/landing?destino=acompanhamento-compra&compra=15501305900022026
https://cnetmobile.estaleiro.serpro.gov.br/comprasnet-web/public/landing?destino=acompanhamento-compra&compra=20039405900012026;2026-01-20;Pregão;Natal;MINISTERIO DA JUSTICA E SEGURANCA PUBLICA;OBRAS;OUTROS;OBRAS - OUTROS;Contratação de serviços contínuos de jardinagem, a serem executados com regime de dedicação exclusiva de mão de obra.;117210.2;https://cnetmobile.estaleiro.serpro.gov.br/comprasnet-web/public/landing?destino=acompanhamento-compra&compra=20039405900012026
https://cnetmobile.estaleiro.serpro.gov.br/comprasnet-web/public/landing?destino=acompanhamento-compra&compra=92554305900422025;2026-01-20;Pregão;Mossoró;FUNDACAO UNIVERSIDADE DO ESTADO DO RIO GRANDE DO NORTE - FUERN;OBRAS;OUTROS;OBRAS - OUTROS;Serviço de fornecimento de mão de obra fixa (regime de dedicação exclusiva), bem como mão de obra eventual especializada em serviços de condução de veículos (motoristas) para transporte de pessoas e bens, com sede nas cidades de Assu/RN, Caicó/RN, Mossoró/RN, Natal/RN, Patu/RN e Pau dos Ferros/RN, incluindo diárias para deslocamentos intermunicipal e interestadual, a serem consumidas na medida das demandas, conforme condições, quantidades e exigências estabelecidas no edital.;6372022.08;https://cnetmobile.estaleiro.serpro.gov.br/comprasnet-web/public/landing?destino=acompanhamento-compra&compra=92554305900422025
https://cnetmobile.estaleiro.serpro.gov.br/comprasnet-web/public/landing?destino=acompanhamento-compra&compra=15501305900012026;2026-01-20;Pregão;Natal;EMPRESA BRASILEIRA DE SERVICOS HOSPITALARES - EBSERH;AQUISIÇÃO;OUTROS;AQUISIÇÃO - OUTROS;Aquisição de Material Químico para atender a demanda da Unidade de Laboratório de Análises Clínicas, da Unidade de Laboratório de Anatomia Patológica e do Serviço de Farmacotécnica (Parte III).;0.0;https://cnetmobile.estaleiro.serpro.gov.br/comprasnet-web/public/landing?destino=acompanhamento-compra&compra=15501305900012026
https://cnetmobile.estaleiro.serpro.gov.br/comprasnet-web/public/landing?destino=acompanhamento-compra&compra=92577705901262025;2026-01-20;Pregão;Natal;COMPANHIA DE AGUAS E ESGOTOS DO RIO GRANDE DO NORTE;AQUISIÇÃO;OUTROS;AQUISIÇÃO - OUTROS;Serviço de Fabricação com montagem e instalação de filtros ascendentes, equipamentos, câmara de carga e reservatórios em PRFV, conforme condições, quantidades e exigências estabelecidas neste Edital e no Termo de Referência (Ordem de Licitação nº 12513/2025 – DO).;0.0;https://cnetmobile.estaleiro.serpro.gov.br/comprasnet-web/public/landing?destino=acompanhamento-compra&compra=92577705901262025
https://cnetmobile.estaleiro.serpro.gov.br/comprasnet-web/public/landing?destino=acompanhamento-compra&compra=92586905900012026;2026-01-20;Pregão;Natal;RIO GRANDE DO NORTE TRIBUNAL DE JUSTICA DO ESTADO;OBRAS;EDIFICAÇÕES PÚBLICAS;OBRAS - EDIFICAÇÕES PÚBLICAS;Contratação de empresa para reformas, recuperações e manutenções prediais das unidades distribuidoras nas regiões administrativas I, II, III, IV, V, VI, VII, VIII, IX e X do Tribunal de Justiça do Estado do Rio Grande do Norte.;7293270.09;https://cnetmobile.estaleiro.serpro.gov.br/comprasnet-web/public/landing?destino=acompanhamento-compra&compra=92586905900012026
https://cnetmobile.estaleiro.serpro.gov.br/comprasnet-web/public/landing?destino=acompanhamento-compra&compra=93108705900162025;2026-01-20;Pregão;Pau dos Ferros;RIO GRANDE DO NORTE SECRETARIA DA SAUDE PUBLICA;AQUISIÇÃO;OUTROS;AQUISIÇÃO - OUTROS;Aquisição de materiais médico-hospitalares;0.0;https://cnetmobile.estaleiro.serpro.gov.br/comprasnet-web/public/landing?destino=acompanhamento-compra&compra=93108705900162025
https://cnetmobile.estaleiro.serpro.gov.br/comprasnet-web/public/landing?destino=acompanhamento-compra&compra=92553805901642025;2026-01-20;Pregão;Natal;RIO GRANDE DO NORTE SECRETARIA DA ADMINISTRACAO;AQUISIÇÃO;OUTROS;AQUISIÇÃO - OUTROS;Contratação de empresa especializada na prestação de serviços de manutenção e instalação de condicionadores de ar, destinados ao atendimento das demandas dos órgãos e entidades da Administração Pública Direta, Autárquica e Fundacional de direito público do Estado do Rio Grande do Norte;9310384.39;https://cnetmobile.estaleiro.serpro.gov.br/comprasnet-web/public/landing?destino=acompanhamento-compra&compra=92553805901642025
https://portaldecompraspublicas.com.br/processos/RN/Prefeitura-Municipal-de-Jundia-1314/RPE-017-2025-2026-422145;2026-01-20;Pregão;Jundiá;MUNICIPIO DE JUNDIA;AQUISIÇÃO;OUTROS;AQUISIÇÃO - OUTROS;[Portal de Compras Públicas] - Registro de Preços para contratação de empresa para aquisição de equipamento eletrônico de uso domésticos e materiais permanentes para manutenção das secretarias do município de Jundiá/RN.;1874659.43;https://portaldecompraspublicas.com.br/processos/RN/Prefeitura-Municipal-de-Jundia-1314/RPE-017-2025-2026-422145
https://portaldecompraspublicas.com.br/processos/RN/Servico-Autonomo-de-Agua-e-Esgoto-de-Sao-Goncalo-do-Amarante-1431/RPE-PE-048-2025-2026-444103;2026-01-20;Pregão;São Gonçalo do Amarante;SERVICO AUTONOMO DE AGUA E ESGOTO;AQUISIÇÃO;OUTROS;AQUISIÇÃO - OUTROS;[Portal de Compras Públicas] - Contratação de empresa especializada no fornecimento de hidrômetros unijato DN 20 mm (¾”), destinados à medição do consumo de água potável no sistema de abastecimento operado pelo SAAE/SGA.;1725300.0;https://portaldecompraspublicas.com.br/processos/RN/Servico-Autonomo-de-Agua-e-Esgoto-de-Sao-Goncalo-do-Amarante-1431/RPE-PE-048-2025-2026-444103
https://portaldecompraspublicas.com.br/processos/RN/Prefeitura-Municipal-De-Pedro-Avelino-1862/RPE-3-2026-2026-450808;2026-01-20;Pregão;Pedro Avelino;MUNICIPIO DE PEDRO AVELINO;AQUISIÇÃO;OUTROS;AQUISIÇÃO - OUTROS;[Portal de Compras Públicas] - Registro de preço para futura e eventual contratação de empresa especializada para a aquisição de equipamentos hospitalares, destinados ao atendimento das demandas do Hospital José Varela e das Unidades Básicas de Saúde (UBS) de Pedro Avelino/RN.;335163.44;https://portaldecompraspublicas.com.br/processos/RN/Prefeitura-Municipal-De-Pedro-Avelino-1862/RPE-3-2026-2026-450808
https://portaldecompraspublicas.com.br/processos/RN/Prefeitura-Municipal-de-Serra-do-Mel-1071/PE-461-2025-2026-2026-450853;2026-01-20;Pregão;Serra do Mel;MUNICIPIO DE SERRA DO MEL;SERVIÇOS;OUTROS;SERVIÇOS - OUTROS;[Portal de Compras Públicas] - Registro de Preços para eventual fornecimento de buffet tipo almoço ou jantar, incluindo preparação do ambiente, fornecimento de estrutura completa e equipe qualificada para atendimento, reposição de alimentos e manutenção durante os eventos, em apoio às ações e serviços do Município de Serra do Mel/RN.;147925.0;https://portaldecompraspublicas.com.br/processos/RN/Prefeitura-Municipal-de-Serra-do-Mel-1071/PE-461-2025-2026-2026-450853
https://portaldecompraspublicas.com.br/processos/RN/Prefeitura-Municipal-de-Sao-Francisco-do-Oeste-1450/RPE-010-2O-CONVOCACAO-2025-2026-449936;2026-01-20;Pregão;São Francisco do Oeste;MUNICIPIO DE SAO FRANCISCO DO OESTE;AQUISIÇÃO;OUTROS;AQUISIÇÃO - OUTROS;[Portal de Compras Públicas] - Registro de Preço visando a aquisição de equipamentos, mobiliário e material permanente, para suprir as necessidades da Prefeitura Municipal de São Francisco do Oeste/RN;57467.63;https://portaldecompraspublicas.com.br/processos/RN/Prefeitura-Municipal-de-Sao-Francisco-do-Oeste-1450/RPE-010-2O-CONVOCACAO-2025-2026-449936
https://portaldecompraspublicas.com.br/processos/RN/Prefeitura-Municipal-de-Sao-Bento-do-Norte-1604/RPE-002-2026-2026-449623;2026-01-20;Pregão;São Bento do Norte;MUNICIPIO DE SAO BENTO DO NORTE;AQUISIÇÃO;OUTROS;AQUISIÇÃO - OUTROS;[Portal de Compras Públicas] - Registro de preços destinado à futura e eventual aquisição de Veículo ambulância tipo A, para simples remoção, tipo furgão, conforme especificações no termo de referência em anexo, para atender as necessidades do Município de São Bento do Norte/RN, conforme condições, quantidades e exigências estabelecidas neste Edital e seus anexos.;314200.0;https://portaldecompraspublicas.com.br/processos/RN/Prefeitura-Municipal-de-Sao-Bento-do-Norte-1604/RPE-002-2026-2026-449623
https://portaldecompraspublicas.com.br/processos/RN/Prefeitura-Municipal-de-Bodo-1316/PE-01-2026-2026-450849;2026-01-20;Pregão;Bodó;MUNICIPIO DE BODO;AQUISIÇÃO;OUTROS;AQUISIÇÃO - OUTROS;[Portal de Compras Públicas] - CONTRATAÇÃO DE EMPRESA PARA PRESTAÇÃO DE SERVIÇOS CONTINUADOS DE SEGURANÇA ELETRÔNICA COM SISTEMA DE MONITORAMENTO POR CÂMERAS, CENTRAIS DE ALARMES E SENSORES DE PRESENÇA INFRAVERMELHO IVP PET, BEM COMO SERVIÇOS DE INSTALAÇÃO DE EQUIPAMENTOS CFTV DE CÂMERAS FIXAS IP 1230 E 3230 (B ou D) COM MANUTENÇÃO PREVENTIVA E CORRETIVA NO SISTEMA DE CFTV NA ÁREA URBANA E RURAL DO MUNICÍPIO DE BODÓ/RN;176641.5;https://portaldecompraspublicas.com.br/processos/RN/Prefeitura-Municipal-de-Bodo-1316/PE-01-2026-2026-450849
https://portaldecompraspublicas.com.br/processos/RN/Prefeitura-Municipal-de-Acari-1863/RPE-002-2026-2026-450877;2026-01-20;Pregão;Acari;MUNICIPIO DE ACARI;AQUISIÇÃO;OUTROS;AQUISIÇÃO - OUTROS;[Portal de Compras Públicas] - REGISTRO DE PREÇO PARA FUTURA E EVENTUAL CONTRATAÇÃO DE EMPRESA PARA A CONFECÇÃO DE FARDAMENTO ESCOLAR PARA ALUNOS DA REDE MUNICIPAL DE ENSINO, NO MUNICÍPIO DE ACARI/RN;210020.1;https://portaldecompraspublicas.com.br/processos/RN/Prefeitura-Municipal-de-Acari-1863/RPE-002-2026-2026-450877
https://portaldecompraspublicas.com.br/processos/RN/Prefeitura-Municipal-De-Pedro-Avelino-1862/PE-04-2026-2026-450882;2026-01-20;Pregão;Pedro Avelino;MUNICIPIO DE PEDRO AVELINO;AQUISIÇÃO;OUTROS;AQUISIÇÃO - OUTROS;[Portal de Compras Públicas] - Registro de preço para futura e eventual contratação de empresa especializada para fornecimento de uniformes completos destinados à guarda civil do município de Pedro Avelino-RN.;164864.76;https://portaldecompraspublicas.com.br/processos/RN/Prefeitura-Municipal-De-Pedro-Avelino-1862/PE-04-2026-2026-450882
https://bnccompras.com/Process/ProcessView?param1=[gkz]McgjVvuDJtbeErfTbGApVxd5crW8oFOfQxBbpfP/UYe9lsUxbXxzhI_DK0x4uld1vUbyfngmmtAiVTQ1hbkh9DpYw8YgfDEnaWnpkoOVc68=;2026-01-20;Pregão;Passa e Fica;MUNICIPIO DE PASSA E FICA;AQUISIÇÃO;OUTROS;AQUISIÇÃO - OUTROS;Contratação de empresa especializada na confecção e fornecimento de peças para compor o fardamento escolar, para atender as demandas da distribuição aos alunos matriculados na Educação Infantil, Ensino Fundamental I e II e para a Educação de Jovens e Adultos (EJA) da rede municipal de ensino de Passa e Fica/RN, para o ano letivo de 2026.;963894.89;https://bnccompras.com/Process/ProcessView?param1=[gkz]McgjVvuDJtbeErfTbGApVxd5crW8oFOfQxBbpfP/UYe9lsUxbXxzhI_DK0x4uld1vUbyfngmmtAiVTQ1hbkh9DpYw8YgfDEnaWnpkoOVc68=
https://portaldecompraspublicas.com.br/processos/RN/Prefeitura-Municipal-de-Afonso-Bezerra-2400/RPE-1-2026-2026-450905;2026-01-20;Pregão;Afonso Bezerra;MUNICIPIO DE AFONSO BEZERRA;AQUISIÇÃO;SAÚDE - MEDICAMENTOS;AQUISIÇÃO - SAÚDE - MEDICAMENTOS;[Portal de Compras Públicas] - REGISTRO DE PREÇOS – para contratação de empresa especializada para fornecimento de medicamentos básicos, injetáveis e psicotrópicos destinados ao atendimento das necessidades da rede municipal de saúde do Município de Afonso Bezerra/RN, conforme condições, quantidades e exigências estabelecidas neste Edital e seus anexos.;6312055.0;https://portaldecompraspublicas.com.br/processos/RN/Prefeitura-Municipal-de-Afonso-Bezerra-2400/RPE-1-2026-2026-450905
https://portaldecompraspublicas.com.br/processos/RN/Prefeitura-Municipal-de-Pedra-Preta-2824/PE-003-2026-2026-450959;2026-01-20;Pregão;Pedra Preta;MUNICIPIO DE PEDRA PRETA;SERVIÇOS;OUTROS;SERVIÇOS - OUTROS;[Portal de Compras Públicas] - REGISTRO DE PREÇOS PARA A FUTURA E EVENTUAL CONTRATAÇÃO DE EMPRESA ESPECIALIZADA E DO RAMO PERTINENTE PARA AQUISIÇÃO DE TRATOR AGRÍCOLA, NOVO, SEM USO, E PLANTADEIRA DE 02 (DUAS) LINHAS (NOVA / SEM USO), OBJETIVANDO O APOIO NAS ATIVIDADES PRODUTIVAS AOS AGRICULTORES FAMILIARES E PRODUTORES DE REBANHO DO MUNICÍPIO DE PEDRA PRETA/RN, POR INTERMÉDIO DA SECRETARIA MUNICIPAL DE AGRICULTURA E MEIO AMBIENTE, EM OBSERVÂNCIA AO PLANO DE AÇÃO Nº 09032025-2-086732, conforme condições, quantidades e exigências estabelecidas no termo de referência deste edital.;193625.43;https://portaldecompraspublicas.com.br/processos/RN/Prefeitura-Municipal-de-Pedra-Preta-2824/PE-003-2026-2026-450959
https://portaldecompraspublicas.com.br/processos/RN/Prefeitura-Municipal-de-Monte-das-Gameleiras-3375/RPE-0001-2026-2026-450987;2026-01-20;Pregão;Monte das Gameleiras;MUNICIPIO DE MONTE DAS GAMELEIRAS;AQUISIÇÃO;OUTROS;AQUISIÇÃO - OUTROS;[Portal de Compras Públicas] - REGISTRO DE PREÇOS PARA: AQUISIÇÃO DE GÊNEROS ALIMENTICIOS DIVERSOS, DESTINADOS A ATENDER AS NECESSIDADES DAS SECRETARIAS DA ADMINISTRAÇÃO MUNICIPAL DE MONTE DAS GAMELEIRAS-RN;2402179.8;https://portaldecompraspublicas.com.br/processos/RN/Prefeitura-Municipal-de-Monte-das-Gameleiras-3375/RPE-0001-2026-2026-450987
https://portaldecompraspublicas.com.br/processos/RN/Prefeitura-Municipal-de-Monte-das-Gameleiras-3375/RPE-0002-2026-2026-450990;2026-01-20;Pregão;Monte das Gameleiras;MUNICIPIO DE MONTE DAS GAMELEIRAS;SERVIÇOS;OUTROS;SERVIÇOS - OUTROS;[Portal de Compras Públicas] - REGISTRO DE PREÇOS PARA: AQUISIÇÃO DE MATERIAIS DE LIMPEZA E HIGIENE, DESTINADOS A ATENDER AS NECESSIDADES DAS SECRETARIAS DA ADMINISTRAÇÃO MUNICIPAL DE MONTE DAS GAMELEIRAS-RN;573283.5;https://portaldecompraspublicas.com.br/processos/RN/Prefeitura-Municipal-de-Monte-das-Gameleiras-3375/RPE-0002-2026-2026-450990
https://portaldecompraspublicas.com.br/processos/RN/Prefeitura-Municipal-de-Monte-das-Gameleiras-3375/RPE-0003-2026-2026-450994;2026-01-20;Pregão;Monte das Gameleiras;MUNICIPIO DE MONTE DAS GAMELEIRAS;AQUISIÇÃO;FROTA E COMBUSTÍVEL;AQUISIÇÃO - FROTA E COMBUSTÍVEL;[Portal de Compras Públicas] - REGISTRO DE PREÇOS PARA FUTURA CONTRATAÇÃO DE EMPRESA PARA PRESTAÇÃO DE SERVIÇOS E LOCAÇÃO DE HORA-MÁQUINA TIPO TRATOR AGRÍCOLA 4 X 4, POTÊNCIA MÍNIMA 75 CV, EQUIPADO COM GRADE DE ARRASTO COM NO MINIMO 14 DISCOS E HIDRAULICA COM NO MINIMO 28 DISCOS, OPERADOR E COMBUSTIVEL POR CONTA DA EMPRESA. VISANDO ATENDER ÀS NECESSIDADES DA SECRETARIA MUNICIPAL DE AGRICULTURA DE MONTE DAS GAMELEIRAS – RN PARA O EXERCICIO DE 2026;0.0;https://portaldecompraspublicas.com.br/processos/RN/Prefeitura-Municipal-de-Monte-das-Gameleiras-3375/RPE-0003-2026-2026-450994
https://cnetmobile.estaleiro.serpro.gov.br/comprasnet-web/public/landing?destino=acompanhamento-compra&compra=12063105900832025;2026-01-21;Pregão;Natal;COMANDO DA AERONAUTICA;AQUISIÇÃO;OUTROS;AQUISIÇÃO - OUTROS;Aquisição de Ferramentas Elétricas e Manuais para Base Aérea de Natal. PAG 67222.014752/2025-81.;547136.01;https://cnetmobile.estaleiro.serpro.gov.br/comprasnet-web/public/landing?destino=acompanhamento-compra&compra=12063105900832025
https://cnetmobile.estaleiro.serpro.gov.br/comprasnet-web/public/landing?destino=acompanhamento-compra&compra=92555005900142026;2026-01-21;Pregão;Natal;RIO GRANDE DO NORTE SECRETARIA DA SAUDE PUBLICA;SERVIÇOS;OUTROS;SERVIÇOS - OUTROS;O presente instrumento tem por objeto contratação de mão de obra de dedicação exclusiva para prestação de serviços especializados, de natureza contínua, de apoio operacional e administrativo, visando suprir as necessidades da Secretaria de Estado da Saúde Pública, referente ao Serviço de Atendimento Móvel de Urgência - SAMU 192 RN e suas Bases Descentralizadas existentes e as que por ventura sejam criadas durante a expansão do Serviço, conforme especificações e quantitativos;0.0;https://cnetmobile.estaleiro.serpro.gov.br/comprasnet-web/public/landing?destino=acompanhamento-compra&compra=92555005900142026
https://cnetmobile.estaleiro.serpro.gov.br/comprasnet-web/public/landing?destino=acompanhamento-compra&compra=07000805900012026;2026-01-21;Pregão;Natal;TRIBUNAL SUPERIOR ELEITORAL;SERVIÇOS;OUTROS;SERVIÇOS - OUTROS;Contratação de serviços comuns, com natureza de apoio administrativo, acessórios às atividades de preparação e realização das Eleições Gerais 2026 no Estado do Rio Grande do Norte, mediante alocação de postos de trabalho.;2416349.37;https://cnetmobile.estaleiro.serpro.gov.br/comprasnet-web/public/landing?destino=acompanhamento-compra&compra=07000805900012026
https://cnetmobile.estaleiro.serpro.gov.br/comprasnet-web/public/landing?destino=acompanhamento-compra&compra=93029005900012026;2026-01-21;Pregão;Natal;RIO GRANDE DO NORTE SECRETARIA DA SAUDE PUBLICA;AQUISIÇÃO;OUTROS;AQUISIÇÃO - OUTROS;Aquisição de MATERIAIS DE CONSUMO - REAGENTES QUÍMICOS;0.0;https://cnetmobile.estaleiro.serpro.gov.br/comprasnet-web/public/landing?destino=acompanhamento-compra&compra=93029005900012026
https://cnetmobile.estaleiro.serpro.gov.br/comprasnet-web/public/landing?destino=acompanhamento-compra&compra=98177905900022026;2026-01-21;Pregão;Parnamirim;MUNICIPIO DE PARNAMIRIM;AQUISIÇÃO;OUTROS;AQUISIÇÃO - OUTROS;Registro de Preços para contratação de empresa para prestação de serviços de agenciamento de viagens, compreendendo os serviços de emissão, marcação, remarcação, reembolso, cancelamento e check-in de passagens, na modalidade de Pregão Eletrônico, para atender as necessidades do Município de Parnamirim, através do Gabinete Civil.;600002.6;https://cnetmobile.estaleiro.serpro.gov.br/comprasnet-web/public/landing?destino=acompanhamento-compra&compra=98177905900022026
https://cnetmobile.estaleiro.serpro.gov.br/comprasnet-web/public/landing?destino=acompanhamento-compra&compra=92771405900012026;2026-01-21;Pregão;Natal;CONSELHO REG DE CORRETORES DE IMOV DECIMA SETIMA REGIAO;AQUISIÇÃO;OUTROS;AQUISIÇÃO - OUTROS;Aquisição de 01 (um) veículo novo, tipo pick-up, cabine dupla, tração 4x4, zero km, com primeiro uso e com primeiro licenciamento e emplacamento completo para o CRECI/RN e sem custos, com alienação de automóveis usados como parte do pagamento.;215772.0;https://cnetmobile.estaleiro.serpro.gov.br/comprasnet-web/public/landing?destino=acompanhamento-compra&compra=92771405900012026
https://portaldecompraspublicas.com.br/processos/RN/Prefeitura-Municipal-de-Serra-Negra-do-Norte-1293/RPE-001-2026-2026-451024;2026-01-21;Pregão;Serra Negra do Norte;MUNICIPIO DE SERRA NEGRA DO NORTE;AQUISIÇÃO;OUTROS;AQUISIÇÃO - OUTROS;[Portal de Compras Públicas] - PRESTAÇÃO DE SERVIÇOS ESPECIALIZADO EM LAVAGENS DE VEÍCULOS, MOTOCICLETAS, EQUIPAMENTOS E MÁQUINAS (ATUAIS E FUTUROS) QUE COMPÕEM A FROTA MUNICIPAL.;354816.13;https://portaldecompraspublicas.com.br/processos/RN/Prefeitura-Municipal-de-Serra-Negra-do-Norte-1293/RPE-001-2026-2026-451024
https://portaldecompraspublicas.com.br/processos/RN/Prefeitura-Municipal-de-Passa-e-Fica-1315/RPE-2-2026-2026-451063;2026-01-21;Pregão;Passa e Fica;MUNICIPIO DE PASSA E FICA;SERVIÇOS;OUTROS;SERVIÇOS - OUTROS;[Portal de Compras Públicas] - Contratação de empresa especializada para fornecimento de implementos agricolas para atender as demandas dos produtores e agricutores, como também das principais atividades rurais desde municipio, sobre tudo corte de terra (preparo de solo), roço de estradas vicinais e outros, sob responsabilidade da Secretaria Municipal de Agricultura;252154.53;https://portaldecompraspublicas.com.br/processos/RN/Prefeitura-Municipal-de-Passa-e-Fica-1315/RPE-2-2026-2026-451063
https://portaldecompraspublicas.com.br/processos/RN/Prefeitura-Municipal-de-Serra-Negra-do-Norte-1293/RPE-002-2026-2026-451127;2026-01-21;Pregão;Serra Negra do Norte;MUNICIPIO DE SERRA NEGRA DO NORTE;AQUISIÇÃO;OUTROS;AQUISIÇÃO - OUTROS;[Portal de Compras Públicas] - PRESTAÇÃO DE SERVIÇO ESPECIALIZADO EM BORRACHARIA DE VEÍCULOS, MOTOCICLETAS, EQUIPAMENTOS E MÁQUINAS (PRÓPRIOS, CEDIDOS, LOCADOS, ATUAIS E FUTUROS) QUE COMPÕEM A FROTA MUNICIPAL.;255713.9;https://portaldecompraspublicas.com.br/processos/RN/Prefeitura-Municipal-de-Serra-Negra-do-Norte-1293/RPE-002-2026-2026-451127
https://portaldecompraspublicas.com.br/processos/RN/Prefeitura-Municipal-de-Extremoz-1127/RPE-1-2026-2026-451144;2026-01-21;Pregão;Extremoz;MUNICIPIO DE EXTREMOZ;SERVIÇOS;EDUCAÇÃO - TRANSPORTE;SERVIÇOS - EDUCAÇÃO - TRANSPORTE;[Portal de Compras Públicas] - Contratação de empresa para especializada na PRESTAÇÃO DOS SERVIÇOS DE TRANSPORTE ESCOLAR, com fornecimento de veículos convencionais, abastecidos de combustível, com um operador, para as rotas 47 a 51 para atender alunos matriculados nas escolas da rede regular municipal de ensino fundamental e educação infantil da Prefeitura do Município de Extremoz-RN.;2068654.8;https://portaldecompraspublicas.com.br/processos/RN/Prefeitura-Municipal-de-Extremoz-1127/RPE-1-2026-2026-451144
https://portaldecompraspublicas.com.br/processos/RN/Prefeitura-Municipal-de-Extremoz-1127/RPE-2-2026-2026-451149;2026-01-21;Pregão;Extremoz;MUNICIPIO DE EXTREMOZ;AQUISIÇÃO;OUTROS;AQUISIÇÃO - OUTROS;[Portal de Compras Públicas] - Contratação de empresa especializada para prestação de serviços de Telefonia Móvel Pessoal, com fornecimento de smartphone em regime de comodato, com franquia mensal de dados de 20GB, destinado ao uso institucional do Conselho Tutelar do município de Extremoz/RN - 2026.;98256.0;https://portaldecompraspublicas.com.br/processos/RN/Prefeitura-Municipal-de-Extremoz-1127/RPE-2-2026-2026-451149
https://portaldecompraspublicas.com.br/processos/RN/Prefeitura-Municipal-de-Tangara-910/RPE-1-2026-2026-450852;2026-01-21;Pregão;Tangará;MUNICIPIO DE TANGARA;AQUISIÇÃO;OUTROS;AQUISIÇÃO - OUTROS;[Portal de Compras Públicas] - AQUISIÇÃO DE MATERIAIS E EQUIPAMENTOS PERMANENTES DESTINADOS AO ATENDIMENTO DAS DEMANDAS DAS UNIDADES ADMINISTRATIVAS E ÓRGÃOS DA ADMINISTRAÇÃO PÚBLICA DO MUNICÍPIO DE TANGARÁ/RN, VISANDO AO SUPORTE OPERACIONAL, MODERNIZAÇÃO E EFICIÊNCIA DAS ATIVIDADES ADMINISTRATIVAS DIÁRIAS.;9608553.44;https://portaldecompraspublicas.com.br/processos/RN/Prefeitura-Municipal-de-Tangara-910/RPE-1-2026-2026-450852
https://portaldecompraspublicas.com.br/processos/RN/Prefeitura-Municipal-de-Macau-1789/RPEM-2-2026-2026-451162;2026-01-21;Pregão;Macau;MUNICIPIO DE MACAU;OBRAS;OUTROS;OBRAS - OUTROS;[Portal de Compras Públicas] - Contratação de serviços de engenharia e infraestrutura pública, com fornecimento de materiais, insumos e mão de obra, visando atender às necessidades das secretarias e entidades do Município de Macau/RN;11403900.0;https://portaldecompraspublicas.com.br/processos/RN/Prefeitura-Municipal-de-Macau-1789/RPEM-2-2026-2026-451162
https://portaldecompraspublicas.com.br/processos/RN/Prefeitura-Municipal-de-Senador-Eloi-de-Souza-1784/PEP-001-2026-2026-451247;2026-01-21;Pregão;Senador Elói de Souza;MUNICIPIO DE SENADOR ELOI DE SOUZA;AQUISIÇÃO;OUTROS;AQUISIÇÃO - OUTROS;[Portal de Compras Públicas] - Registro de Preços para a Contratação de empresa especializada para o fornecimento de combustível, de forma parcelada, para atender as necessidades da prefeitura e demais secretarias do município de Senador Eloi de Souza/RN.;4464000.0;https://portaldecompraspublicas.com.br/processos/RN/Prefeitura-Municipal-de-Senador-Eloi-de-Souza-1784/PEP-001-2026-2026-451247
https://portaldecompraspublicas.com.br/processos/RN/Prefeitura-Municipal-de-Jundia-1314/RPE-001-2026-2026-451317;2026-01-21;Pregão;Jundiá;MUNICIPIO DE JUNDIA;AQUISIÇÃO;OUTROS;AQUISIÇÃO - OUTROS;[Portal de Compras Públicas] - Registro de Preços para futura e eventual contratação de empresa especializada para o fornecimento gradativo de materiais e equipamentos odontológicos, bem como insumos e reagentes laboratoriais, destinados a suprir as necessidades das Unidades Básicas de Saúde do Município de Jundiá/RN.;408944.65;https://portaldecompraspublicas.com.br/processos/RN/Prefeitura-Municipal-de-Jundia-1314/RPE-001-2026-2026-451317
https://cnetmobile.estaleiro.serpro.gov.br/comprasnet-web/public/landing?destino=acompanhamento-compra&compra=92555005900112026;2026-01-22;Pregão;Natal;RIO GRANDE DO NORTE SECRETARIA DA SAUDE PUBLICA;AQUISIÇÃO;OUTROS;AQUISIÇÃO - OUTROS;Esta contratação objetiva o Registro de Preços para eventual contratação de empresa para fornecimento contínuo de INSUMOS PARA HIGIENE DAS MÃOS, por meio da modalidade licitatória Pregão Eletrônico- SRP, tipo MENOR PREÇO, nos moldes da lei 14.133/2021, conforme condições e exigências estabelecidas neste instrumento.;0.0;https://cnetmobile.estaleiro.serpro.gov.br/comprasnet-web/public/landing?destino=acompanhamento-compra&compra=92555005900112026
https://cnetmobile.estaleiro.serpro.gov.br/comprasnet-web/public/landing?destino=acompanhamento-compra&compra=27506605900162025;2026-01-22;Pregão;Natal;COMPANHIA BRASILEIRA DE TRENS URBANOS;AQUISIÇÃO;OUTROS;AQUISIÇÃO - OUTROS;Contratação de serviço técnico especializado para manutenção de equipamentos de climatização e refrigeração da CBTU/STU-NAT, conforme condições, quantidades e exigências estabelecidas neste Instrumento Convocatório.;151925.7;https://cnetmobile.estaleiro.serpro.gov.br/comprasnet-web/public/landing?destino=acompanhamento-compra&compra=27506605900162025
https://cnetmobile.estaleiro.serpro.gov.br/comprasnet-web/public/landing?destino=acompanhamento-compra&compra=92595505900022026;2026-01-22;Pregão;Espírito Santo;ASSEMBLEIA LEGISLATIVA DO ESTADO DO ESPIRITO SANTO;AQUISIÇÃO;OUTROS;AQUISIÇÃO - OUTROS;Fornecimento, com entrega parcelada, de café em pó embalado a vácuo e de açúcar cristal.;181234.0;https://cnetmobile.estaleiro.serpro.gov.br/comprasnet-web/public/landing?destino=acompanhamento-compra&compra=92595505900022026
https://cnetmobile.estaleiro.serpro.gov.br/comprasnet-web/public/landing?destino=acompanhamento-compra&compra=92608605900012026;2026-01-22;Pregão;Natal;RIO GRANDE DO NORTE SECRETARIA DA SAUDE PUBLICA;AQUISIÇÃO;OUTROS;AQUISIÇÃO - OUTROS;Contratação de empresa especializada em locação de equipamento analisador automático para realização de exames na área da Bioquímica Clínica, com fornecimento de insumos e reagentes;0.0;https://cnetmobile.estaleiro.serpro.gov.br/comprasnet-web/public/landing?destino=acompanhamento-compra&compra=92608605900012026
https://portaldecompraspublicas.com.br/processos/RN/Prefeitura-Municipal-de-Serrinha-1148/PEP-001-2026-2026-451341;2026-01-22;Pregão;Serrinha;MUNICIPIO DE SERRINHA;AQUISIÇÃO;OUTROS;AQUISIÇÃO - OUTROS;[Portal de Compras Públicas] - REGISTRO DE PREÇOS PARA EVENTUAL CONTRAÇÃO DE PESSOA JURÍDICA PARA FORNECIMENTO DE COMBUSTÍVEIS, JULGAMENTO POR MAIOR PERCENTUAL DE DESCONTO SOBRE A TABELA DA AGENCIA NACIONAL DE PETRÓLEO – ANP;4526800.0;https://portaldecompraspublicas.com.br/processos/RN/Prefeitura-Municipal-de-Serrinha-1148/PEP-001-2026-2026-451341
https://portaldecompraspublicas.com.br/processos/RN/Prefeitura-Municipal-de-Sao-Jose-do-Serido-1054/PMP-003-2026-2026-451033;2026-01-22;Pregão;São José do Seridó;MUNICIPIO DE SAO JOSE DO SERIDO;AQUISIÇÃO;OUTROS;AQUISIÇÃO - OUTROS;[Portal de Compras Públicas] - CONCESSÃO ONEROSA DE USO DE QUIOSQUES DO MERCADO PÚBLICO MUNICIPAL DE SÃO JOSÉ DO SERIDÓ/RN.;4521.24;https://portaldecompraspublicas.com.br/processos/RN/Prefeitura-Municipal-de-Sao-Jose-do-Serido-1054/PMP-003-2026-2026-451033
https://portaldecompraspublicas.com.br/processos/RN/Prefeitura-Municipal-de-Tibau-do-Sul-1121/RPE-1-2026-2026-451398;2026-01-22;Pregão;Tibau do Sul;MUNICIPIO DE TIBAU DO SUL;AQUISIÇÃO;OUTROS;AQUISIÇÃO - OUTROS;[Portal de Compras Públicas] - CONTRATAÇÃO DE EMPRESA PARA AQUISIÇÃO DE GÊNEROS ALIMENTÍCIOS, VISANDO ATENDER AS NECESSIDADES DAS SECRETARIAS MUNICIPAIS DE TIBAU DO SUL/RN.;4321235.7;https://portaldecompraspublicas.com.br/processos/RN/Prefeitura-Municipal-de-Tibau-do-Sul-1121/RPE-1-2026-2026-451398
https://portaldecompraspublicas.com.br/processos/RN/Prefeitura-Municipal-de-Assu-1270/PE-007-2025-2026-404506;2026-01-22;Pregão;Açu;MUNICIPIO DE ASSU;SERVIÇOS;EDUCAÇÃO - TRANSPORTE;SERVIÇOS - EDUCAÇÃO - TRANSPORTE;[Portal de Compras Públicas] - Contratação de empresa especializada para prestação de serviço de transporte escolar, do tipo ônibus e micro-ônibus, com condutor e abastecimento por conta da contratada, para realizar o translado intermunicipal dos alunos residentes no município de Assú, em deslocamento para o Instituto Federal de Educação, Ciência e Tecnologia Rio Grande do Norte, Campus Ipanguaçu, no ano letivo de 2026,;917208.0;https://portaldecompraspublicas.com.br/processos/RN/Prefeitura-Municipal-de-Assu-1270/PE-007-2025-2026-404506
https://portaldecompraspublicas.com.br/processos/RN/Prefeitura-Municipal-de-Caico-1244/RPEM-003-2026-2026-451004;2026-01-22;Pregão;Caicó;MUNICIPIO DE CAICO;AQUISIÇÃO;OUTROS;AQUISIÇÃO - OUTROS;[Portal de Compras Públicas] - REGISTRO DE PREÇOS PARA CONTRATAÇÃO DE EMPRESA PARA EXECUÇÃO DOS SERVIÇOS DE RESERVA E FORNECIMENTO DE BILHETES DE PASSAGENS AÉREAS NACIONAIS.;706200.0;https://portaldecompraspublicas.com.br/processos/RN/Prefeitura-Municipal-de-Caico-1244/RPEM-003-2026-2026-451004
https://transparencia.agilirn.com.br/prefsantanamatos-rn/licitacoes/licitacao?id=1686;2026-01-22;Pregão;Santana do Matos;MUNICIPIO DE SANTANA DO MATOS;AQUISIÇÃO;OUTROS;AQUISIÇÃO - OUTROS;REGISTRO DE PREÇO PARA AQUISIÇÃO DE KIT’S ESCOLARES COMPLETOS A SEREM DISTRIBUÍDOS AOS ESTUDANTES DA REDE MUNICIPAL DE ENSINO DE SANTANA DO MATOS/RN;239593.13;https://transparencia.agilirn.com.br/prefsantanamatos-rn/licitacoes/licitacao?id=1686
https://portaldecompraspublicas.com.br/processos/RN/Prefeitura-Municipal-de-Montanhas-2949/RPE-2-2026-2026-451518;2026-01-22;Pregão;Montanhas;MUNICIPIO DE MONTANHAS;AQUISIÇÃO;OUTROS;AQUISIÇÃO - OUTROS;[Portal de Compras Públicas] - Aquisição de equipamentos médico-hospitalares e odontológicos para a Unidade Mista e as Unidades Básicas de Saúde - UBS, no atendimento as manutenção do Fundo Municipal de Saúde do Município de Montanhas.;272430.58;https://portaldecompraspublicas.com.br/processos/RN/Prefeitura-Municipal-de-Montanhas-2949/RPE-2-2026-2026-451518
https://transparencia.agilirn.com.br/prefcarnaubadantas-rn/licitacoes/licitacao?id=1464;2026-01-22;Pregão;Carnaúba dos Dantas;MUNICIPIO DE CARNAUBA DOS DANTAS;AQUISIÇÃO;OUTROS;AQUISIÇÃO - OUTROS;REGISTRO DE PREÇOS PARA CONTRATAÇÃO DE EMPRESA ESPECIALIZADA PARA AQUISIÇÃO DE OXIGÊNIO MEDICINAL ACONDICIONADOS EM CILINDROS, destinados a atender a população assistida no Hospital Municipal Estelita dos Santos Dantas e Unidades Básicas de Saúde;274622.0;https://transparencia.agilirn.com.br/prefcarnaubadantas-rn/licitacoes/licitacao?id=1464
https://portaldecompraspublicas.com.br/processos/RN/Prefeitura-Municipal-de-Carnaubais-1631/PE-PE-005-2026-2026-451488;2026-01-22;Pregão;Carnaubais;MUNICIPIO DE CARNAUBAIS;AQUISIÇÃO;OUTROS;AQUISIÇÃO - OUTROS;[Portal de Compras Públicas] - AQUISIÇÃO DE EQUIPAMENTOS E MATERIAIS PERMANENTE, DESTINADOS AO HOSPITAL MATERNIDADE SANTA LUZIA DO MUNICÍPIO CARNAUBAIS/RN.;401420.42;https://portaldecompraspublicas.com.br/processos/RN/Prefeitura-Municipal-de-Carnaubais-1631/PE-PE-005-2026-2026-451488
https://portaldecompraspublicas.com.br/processos/RN/Prefeitura-Municipal-de-Upanema-3330/RPE-2-2026-2026-451626;2026-01-22;Pregão;Upanema;MUNICIPIO DE UPANEMA;AQUISIÇÃO;OUTROS;AQUISIÇÃO - OUTROS;[Portal de Compras Públicas] - Registro de Preços visando a Contratação de empresa para futura e eventual aquisição de kits escolares para os alunos e professores da Rede Municipal de Ensino de Upanema/RN.;477783.5;https://portaldecompraspublicas.com.br/processos/RN/Prefeitura-Municipal-de-Upanema-3330/RPE-2-2026-2026-451626
https://portaldecompraspublicas.com.br/processos/RN/Prefeitura-Municipal-de-Assu-1270/PE-006-2025-2026-446792;2026-01-22;Pregão;Açu;MUNICIPIO DE ASSU;SERVIÇOS;EDUCAÇÃO - TRANSPORTE;SERVIÇOS - EDUCAÇÃO - TRANSPORTE;[Portal de Compras Públicas] - Contratação Constitui objeto deste Termo de Referência a Contratação de empresa especializada para prestação de serviço de transporte escolar, do tipo ônibus e micro-ônibus, com condutor e abastecimento por conta da contratada, para atender os alunos matriculados na rede pública municipal e estadual de ensino no município de Assú/RN, no ano letivo de 2026, nos termos da tabela abaixo, conforme condições e exigências estabelecidas neste instrumento.;4707924.0;https://portaldecompraspublicas.com.br/processos/RN/Prefeitura-Municipal-de-Assu-1270/PE-006-2025-2026-446792
https://portaldecompraspublicas.com.br/processos/RN/Prefeitura-Municipal-de-Santa-Cruz-1190/PE-4-2026-2026-451657;2026-01-22;Pregão;Santa Cruz;MUNICIPIO DE SANTA CRUZ;AQUISIÇÃO;OUTROS;AQUISIÇÃO - OUTROS;[Portal de Compras Públicas] - Aquisição de equipamentos e materiais permanentes destinados ao Hospital Municipal Aluízio Bezerra, no Município de Santa Cruz/RN;299834.0;https://portaldecompraspublicas.com.br/processos/RN/Prefeitura-Municipal-de-Santa-Cruz-1190/PE-4-2026-2026-451657
https://portaldecompraspublicas.com.br/processos/RN/Prefeitura-Municipal-de-Touros-2120/PE-5-2026-2026-451677;2026-01-22;Pregão;Touros;MUNICIPIO DE TOUROS;SERVIÇOS;OUTROS;SERVIÇOS - OUTROS;[Portal de Compras Públicas] - Contratação de empresa especializada em Solução de Gerenciamento Eletrônico de Frequência (ponto eletrônico), na modalidade software como serviço, com operação em ambiente web, incluindo as licenças de uso do software, com equipamentos de registradores de ponto com bateria interna em comodato, a hospedagem de dados em data center virtual (nuvem), os serviços técnicos de consultoria para implantação e suporte ao software, manutenção dos equipamentos, destinados aos setores pertencentes à Secretaria Municipal de Saúde do Municipio de Touros/RN.;61359.96;https://portaldecompraspublicas.com.br/processos/RN/Prefeitura-Municipal-de-Touros-2120/PE-5-2026-2026-451677
https://portaldecompraspublicas.com.br/processos/RN/Prefeitura-Municipal-de-Carnaubais-1631/DE-DISP-001-2026-2026-449491;2026-01-14;Dispensa;Carnaubais;MUNICIPIO DE CARNAUBAIS;AQUISIÇÃO;OUTROS;AQUISIÇÃO - OUTROS;[Portal de Compras Públicas] - CONTRATAÇÃO DE EMPRESA(S) ESPECIALIZADA NOS SERVIÇOS DE MANUTENÇÃO PREVENTIVA E CORRETIVA DE EQUIPAMENTOS HOSPITALARES E ODONTOLÓGICOS, COM FORNECIMENTO DE PEÇAS.;53707.08;https://portaldecompraspublicas.com.br/processos/RN/Prefeitura-Municipal-de-Carnaubais-1631/DE-DISP-001-2026-2026-449491
https://portaldecompraspublicas.com.br/processos/RN/Prefeitura-Municipal-de-Bom-Jesus-1115/DE-012-2026-2026-449640;2026-01-14;Dispensa;Bom Jesus;MUNICIPIO DE BOM JESUS;AQUISIÇÃO;OUTROS;AQUISIÇÃO - OUTROS;[Portal de Compras Públicas] - Aquisição de contêineres coletores de lixo com capacidade de 1.000 (mil) litros, destinados a atender às necessidades da Prefeitura Municipal de Bom Jesus/RN.;39288.75;https://portaldecompraspublicas.com.br/processos/RN/Prefeitura-Municipal-de-Bom-Jesus-1115/DE-012-2026-2026-449640
https://portaldecompraspublicas.com.br/processos/RN/Servico-Autonomo-de-Agua-e-Esgoto-de-Sao-Goncalo-do-Amarante-1431/DE-DE-019-2025-2026-449142;2026-01-14;Dispensa;São Gonçalo do Amarante;SERVICO AUTONOMO DE AGUA E ESGOTO;AQUISIÇÃO;OUTROS;AQUISIÇÃO - OUTROS;[Portal de Compras Públicas] - Contratação de empresa especializada para o fornecimento de recarga de gás liquefeito de petróleo para suprir as necessidades do Serviço Autônomo de Água e Esgoto - SAAE/SGA.;3274.5;https://portaldecompraspublicas.com.br/processos/RN/Servico-Autonomo-de-Agua-e-Esgoto-de-Sao-Goncalo-do-Amarante-1431/DE-DE-019-2025-2026-449142
https://pncp.gov.br/app/atas/08004525000107/2025/123/1;2026-01-15;Dispensa;Natal;NATAL CAMARA MUNICIPAL;AQUISIÇÃO;OUTROS;AQUISIÇÃO - OUTROS;Contratação de empresa especializada na revitalização dos carpetes da Câmara Municipal de Natal.;16800.0;https://pncp.gov.br/app/atas/08004525000107/2025/123/1
https://portaldecompraspublicas.com.br/processos/RN/Prefeitura-Municipal-de-Parelhas-1046/DE-32-2025-2026-448813;2026-01-15;Dispensa;Parelhas;MUNICIPIO DE PARELHAS;AQUISIÇÃO;OUTROS;AQUISIÇÃO - OUTROS;[Portal de Compras Públicas] - AQUISIÇÃO DE KIT PARA INSEÇÃO DE DIU;14620.0;https://portaldecompraspublicas.com.br/processos/RN/Prefeitura-Municipal-de-Parelhas-1046/DE-32-2025-2026-448813
https://www.cmportalegre.rn.gov.br/;2026-01-15;Dispensa;Portalegre;PORTALEGRE CAMARA MUNICIPAL;AQUISIÇÃO;OUTROS;AQUISIÇÃO - OUTROS;Contratação de empresa para administrativo em geral nas áreas de recursos humanos e administração da Câmara Municipal, especificamente a execução dos serviços de atualização cadastral, manutenção e operacionalização do programa e-Social (inclusos informações da Previdência Geral e do IPREV Portalegre/RN, RAIS e DIRF) além de elaboração e emissão da folha de pagamento mensal, procedimentos internos, bem como suporte às demandas financeiras necessárias ao adequado funcionamento da instituição.;55200.0;https://www.cmportalegre.rn.gov.br/
https://portaldecompraspublicas.com.br/processos/RN/Prefeitura-Municipal-de-Acari-1863/DE-002-2026-2026-449866;2026-01-15;Dispensa;Acari;MUNICIPIO DE ACARI;AQUISIÇÃO;OUTROS;AQUISIÇÃO - OUTROS;[Portal de Compras Públicas] - CONTRATAÇÃO DE EMPRESA PARA EXECUTAR A IMPLANTAÇÃO DO GRAMADO DO ESTÁDIO MUNICIPAL PEDRO CELESTINO NO MUNICÍPIO DE ACARI/RN.;115113.25;https://portaldecompraspublicas.com.br/processos/RN/Prefeitura-Municipal-de-Acari-1863/DE-002-2026-2026-449866
https://transparencia.agilirn.com.br/camsantanamatos-rn/licitacoes/licitacao?id=196;2026-01-15;Dispensa;Santana do Matos;SANTANA DO MATOS CAMARA MUNICIPAL;AQUISIÇÃO;OUTROS;AQUISIÇÃO - OUTROS;Contratação de empresa para prestação de serviços técnicos de operação dos sistemas e sonorização, produção e gravação de imagens, vídeos e áudios, distribuição do material gravado compatível com as mídias digitais existentes no mercado local durante as sessões da Câmara Municipal de Santana do Matos/RN;36343.44;https://transparencia.agilirn.com.br/camsantanamatos-rn/licitacoes/licitacao?id=196
https://portaldecompraspublicas.com.br/processos/RN/Prefeitura-Municipal-de-Mossoro-1230/DE-01-2026-2026-450047;2026-01-15;Dispensa;Mossoró;MUNICIPIO DE MOSSORO;AQUISIÇÃO;OUTROS;AQUISIÇÃO - OUTROS;[Portal de Compras Públicas] - Aquisição de materiais, destinado a prevenção e o combate a incêndios nas dependências do Ginásio de Esporte Engº Pedro Ciarlini Neto.;16930.14;https://portaldecompraspublicas.com.br/processos/RN/Prefeitura-Municipal-de-Mossoro-1230/DE-01-2026-2026-450047
https://portaldecompraspublicas.com.br/processos/RN/Prefeitura-Municipal-de-Parelhas-1046/DE-35-2025-2026-449594;2026-01-16;Dispensa;Parelhas;MUNICIPIO DE PARELHAS;AQUISIÇÃO;SAÚDE - MEDICAMENTOS;AQUISIÇÃO - SAÚDE - MEDICAMENTOS;[Portal de Compras Públicas] - Aquisição de medicamentos por ordem judicial;13534.08;https://portaldecompraspublicas.com.br/processos/RN/Prefeitura-Municipal-de-Parelhas-1046/DE-35-2025-2026-449594
https://portaldecompraspublicas.com.br/processos/RN/Prefeitura-Municipal-de-Parelhas-1046/DE-33-2026-2026-449630;2026-01-16;Dispensa;Parelhas;MUNICIPIO DE PARELHAS;AQUISIÇÃO;OUTROS;AQUISIÇÃO - OUTROS;[Portal de Compras Públicas] - AQUISIÇÃO DE FRALDAS DESCARTÁVEIS POR ORDEM JUDICIAL;12650.4;https://portaldecompraspublicas.com.br/processos/RN/Prefeitura-Municipal-de-Parelhas-1046/DE-33-2026-2026-449630
http://portaldecomprasnatal.com.br;2026-01-16;Dispensa;Natal;MUNICIPIO DE NATAL;AQUISIÇÃO;OUTROS;AQUISIÇÃO - OUTROS;Contratação de empresa especializada na locação de tablet com serviços de internet, visando suprir as necessidades do Departamento de Concessões, Permissões e Autorização - DCPA/SEMSUR, conforme as especificações deste Termo de Referência.;46366.32;http://portaldecomprasnatal.com.br
https://portaldecompraspublicas.com.br/processos/RN/Prefeitura-Municipal-de-Equador-2468/DEMD-4-2026-2026-449301;2026-01-16;Dispensa;Equador;MUNICIPIO DE EQUADOR;AQUISIÇÃO;OUTROS;AQUISIÇÃO - OUTROS;[Portal de Compras Públicas] - CONTRATAÇÃO DE EMPRESA PARA FORNECIMENTO DE GLP EM BOTIJÃO COM PESO DA CARGA 13 KG, PARA UTILIZAÇÃO DOMÉSTICA, VALOR DE REFERENCIA TABELA ANP REGIONAL CAICÓ;59375.0;https://portaldecompraspublicas.com.br/processos/RN/Prefeitura-Municipal-de-Equador-2468/DEMD-4-2026-2026-449301
https://www.marcelinovieira.rn.gov.br;2026-01-19;Dispensa;Marcelino Vieira;MARCELINO VIEIRA CAMARA MUNICIPAL;SERVIÇOS;OUTROS;SERVIÇOS - OUTROS;Contratação de prestação de serviços de pessoa física ou jurídica para os serviços contínuos de limpeza, copa e cozinha para os setores da Câmara Municipal de Marcelino Vieira.;22800.0;https://www.marcelinovieira.rn.gov.br
https://transparencia.agilirn.com.br/prefipueira-rn/licitacoes/licitacao?id=1146;2026-01-19;Dispensa;Ipueira;MUNICIPIO DE IPUEIRA;AQUISIÇÃO;OUTROS;AQUISIÇÃO - OUTROS;CONTRATAÇÃO DO CONSÓRCIO PÚBLICO INTERMUNICIPAL DO RIO GRANDE DO NORTE - COPIRN PARA ATENDER A DEMANDA DA SECRETARIA MUNICIPAL DE SAÚDE DO MUNICÍPIO DE IPUEIRA/RN;80560.0;https://transparencia.agilirn.com.br/prefipueira-rn/licitacoes/licitacao?id=1146
https://portaldecompraspublicas.com.br/processos/RN/Secretaria-Municipal-de-Mobilidade-Urbana-de-Natal-STTU-4241/DE-STTU-20250473758-2026-2026-450570;2026-01-19;Dispensa;Natal;SECRETARIA MUNICIPAL DE MOBILIDADE URBANA;AQUISIÇÃO;OUTROS;AQUISIÇÃO - OUTROS;[Portal de Compras Públicas] - Aquisição de equipamentos e suprimentos de informática.;62286.2;https://portaldecompraspublicas.com.br/processos/RN/Secretaria-Municipal-de-Mobilidade-Urbana-de-Natal-STTU-4241/DE-STTU-20250473758-2026-2026-450570
https://transparencia.agilirn.com.br/campendencias-rn/licitacoes/licitacao?id=38;2026-01-19;Dispensa;Pendências;PENDENCIAS CAMARA MUNICIPAL;AQUISIÇÃO;OUTROS;AQUISIÇÃO - OUTROS;CONTRATAÇÃO DE PESSOA JURÍDICA NA PRESTAÇÃO DE SERVIÇOS DE CERTIFICAÇÃO DIGITAL, NO PADRÃO ICP-BRASIL, INCLUINDO A EMISSÃO, VALIDAÇÃO E/OU RENOVAÇÃO DE CERTIFICADOS DIGITAIS E O RESPECTIVO SUPORTE TÉCNICO, VISANDO ATENDER ÀS NECESSIDADES OPERACIONAIS E ADMINISTRATIVAS DA CÂMARA MUNICIPAL DE PENDENCIAS/RN;1074.0;https://transparencia.agilirn.com.br/campendencias-rn/licitacoes/licitacao?id=38
https://portaldecompraspublicas.com.br/processos/RN/Prefeitura-Municipal-de-Santa-Cruz-1190/DE-2-2026-2026-450649;2026-01-19;Dispensa;Santa Cruz;MUNICIPIO DE SANTA CRUZ;AQUISIÇÃO;OUTROS;AQUISIÇÃO - OUTROS;[Portal de Compras Públicas] - AQUISIÇÃO DE MATERIAL DE CONSUMO DESTINADO AO ATENDIMENTO DAS DEMANDAS DA SECRETARIA MUNICIPAL DE CULTURA NO MUNICÍPIO DE SANTA CRUZ/RN;50426.99;https://portaldecompraspublicas.com.br/processos/RN/Prefeitura-Municipal-de-Santa-Cruz-1190/DE-2-2026-2026-450649
https://portaldecompraspublicas.com.br/processos/RN/Prefeitura-Municipal-de-Bodo-1316/DE-01-2026-2026-450766;2026-01-20;Dispensa;Bodó;MUNICIPIO DE BODO;AQUISIÇÃO;OUTROS;AQUISIÇÃO - OUTROS;[Portal de Compras Públicas] - REGISTRO DE PREÇO PARA FUTURA E EVENTUAL CONTRATAÇÃO DE EMPRESA ESPECIALIZADA PARA AQUISIÇÃO E MANUTENÇÃO DE EXTINTOR DE INCÊNDIO;9609.97;https://portaldecompraspublicas.com.br/processos/RN/Prefeitura-Municipal-de-Bodo-1316/DE-01-2026-2026-450766
https://portaldecompraspublicas.com.br/processos/RN/Prefeitura-Municipal-de-Acari-1863/DE-001-2026-2026-450785;2026-01-20;Dispensa;Acari;MUNICIPIO DE ACARI;AQUISIÇÃO;OUTROS;AQUISIÇÃO - OUTROS;[Portal de Compras Públicas] - AQUISIÇÃO DE 01 (UM) EQUIPAMENTO LIMPA-FOSSA, COM BOMBA DE ALTA PRESSÃO E VAZÃO, DESTINADO À SECRETARIA MUNICIPAL DE SERVIÇOS URBANOS DO MUNICÍPIO DE ACARI/RN;35037.0;https://portaldecompraspublicas.com.br/processos/RN/Prefeitura-Municipal-de-Acari-1863/DE-001-2026-2026-450785
https://portaldecompraspublicas.com.br/processos/RN/Servico-Autonomo-de-Agua-e-Esgoto-de-Sao-Goncalo-do-Amarante-1431/DE-DE-001-2026-2026-450802;2026-01-20;Dispensa;São Gonçalo do Amarante;SERVICO AUTONOMO DE AGUA E ESGOTO;AQUISIÇÃO;OUTROS;AQUISIÇÃO - OUTROS;[Portal de Compras Públicas] - Roçadeira à Gasolina 2,8 Hp 45,7 Cc 2t 545rx Husqvarna (ou superior de mesma marca), ou Roçadeira Gasolina Carretel Nylon Fs 221 Stihl (ou superior de mesma marca) ou superiores e equivalentes, que atendam integralmente às especificações deste termo de referência. Incluído kit completo de acessórios para segurança do trabalho e trabalho eficiente compatível com o equipamento. Deve conter lâmina de 3 pontas, 2 pontas facão e disco de 80 dentes. OBS.: As marcas informadas são referências do equipamento que atende as necessidades desta autarquia. Poderão ser cotadas marcas distintas, desde que atendam aos padrões de qualidade e desempenho das marcas de referência, conforme justificado no TR.;24039.1;https://portaldecompraspublicas.com.br/processos/RN/Servico-Autonomo-de-Agua-e-Esgoto-de-Sao-Goncalo-do-Amarante-1431/DE-DE-001-2026-2026-450802
https://portaldecompraspublicas.com.br/processos/RN/Prefeitura-Municipal-de-Acari-1863/DE-003-2026-2026-450816;2026-01-20;Dispensa;Acari;MUNICIPIO DE ACARI;OBRAS;OUTROS;OBRAS - OUTROS;[Portal de Compras Públicas] - CONTRATAÇÃO EM CARÁTER EMERGENCIAL, DE EMPRESA ESPECIALIZADA PARA PRESTAÇÃO DE SERVIÇOS DE ATIVIDADES AUXILIARES (MÃO DE OBRA TERCEIRIZADA), VISANDO ASSEGURAR A CONTINUIDADE DE SERVIÇOS ESSENCIAIS NO ÂMBITO DO MUNICÍPIO DE ACARI/RN;170407.42;https://portaldecompraspublicas.com.br/processos/RN/Prefeitura-Municipal-de-Acari-1863/DE-003-2026-2026-450816
https://www.governotransparente.com.br/transparencia/67389489/consultarlicitacao?datainfo=MTIwMjMxMDIzMTkyNFBQUA==&clean=false;2026-01-20;Dispensa;Lagoa de Pedras;LAGOA DE PEDRAS CAMARA MUNICIPAL;SERVIÇOS;OUTROS;SERVIÇOS - OUTROS;O objeto da presente dispensa é a escolha da proposta mais vantajosa para Contratação de pessoa física e/ou jurídica especializada nos serviços de assessoria no levantamento dos índices, análises e preparação e de relatórios das contas de gestão do exercício financeiro de 2025 no que compreende a resolução N° 012/2016 do Tribunal de Contas do Estado - TCE/RN.;0.0;https://www.governotransparente.com.br/transparencia/67389489/consultarlicitacao?datainfo=MTIwMjMxMDIzMTkyNFBQUA==&clean=false
https://transparencia.agilirn.com.br/prefipanguacu-rn/licitacoes/licitacao?id=52;2026-01-20;Dispensa;Ipanguaçu;MUNICIPIO DE IPANGUACU;OBRAS;OUTROS;OBRAS - OUTROS;Contratação da pessoa jurídica visando à Execução de serviços de locação de trator esteira em atendimento às necessidades da Secretaria Municipal de Obras, trânsito e Serviços Públicos.;210000.0;https://transparencia.agilirn.com.br/prefipanguacu-rn/licitacoes/licitacao?id=52
https://transparencia.agilirn.com.br/camipanguacu-rn/licitacoes/licitacao?id=102;2026-01-20;Dispensa;Ipanguaçu;IPANGUACU CAMARA MUNICIPAL;AQUISIÇÃO;OUTROS;AQUISIÇÃO - OUTROS;CONTRATAÇÃO DE PESSOA JURÍDICA NA PRESTAÇÃO DE SERVIÇOS DE CERTIFICAÇÃO DIGITAL, NO PADRÃO ICP-BRASIL, INCLUINDO A EMISSÃO, VALIDAÇÃO E/OU RENOVAÇÃO DE CERTIFICADOS DIGITAIS E O RESPECTIVO SUPORTE TÉCNICO, VISANDO ATENDER ÀS NECESSIDADES OPERACIONAIS E ADMINISTRATIVAS DA CÂMARA MUNICIPAL DE IPANGUAÇU/RN;1074.0;https://transparencia.agilirn.com.br/camipanguacu-rn/licitacoes/licitacao?id=102
https://portaldecompraspublicas.com.br/processos/RN/Secretaria-Municipal-de-Planejamento-de-Natal-3229/DE-01-2026-2026-450956;2026-01-20;Dispensa;Natal;MUNICIPIO DE NATAL;AQUISIÇÃO;OUTROS;AQUISIÇÃO - OUTROS;[Portal de Compras Públicas] - O objetivo da presente contratação é adquirir certificados digitais SSL/TLS, incluindo certificados do tipo Wildcard e certificado individual para domínio específico, emitidos por Autoridade Certificadora reconhecida, com a finalidade de garantir a segurança, a autenticidade, a integridade e a confidencialidade das comunicações realizadas entre os sistemas, portais institucionais, aplicações internas e usuários da Prefeitura Municipal do Natal.;8437.98;https://portaldecompraspublicas.com.br/processos/RN/Secretaria-Municipal-de-Planejamento-de-Natal-3229/DE-01-2026-2026-450956
https://portaldecompraspublicas.com.br/processos/RN/Prefeitura-Municipal-de-Boa-Saude-1062/DEMD-004-2026-2026-450947;2026-01-20;Dispensa;Januário Cicco;MUNICIPIO DE BOA SAUDE;OBRAS;EDIFICAÇÕES PÚBLICAS;OBRAS - EDIFICAÇÕES PÚBLICAS;[Portal de Compras Públicas] - CONTRATAÇÃO DE EMPRESA ESPECIALIZADA PARA PRESTAÇÃO DE SERVIÇOS DE REFORMA DE UNIDADE DE ATENÇÃO ESPECIALIZADA EM SAÚDE (2° ETAPA) – BOA SAÚDE/RN;60700.6;https://portaldecompraspublicas.com.br/processos/RN/Prefeitura-Municipal-de-Boa-Saude-1062/DEMD-004-2026-2026-450947
https://portaldecompraspublicas.com.br/processos/RN/Prefeitura-Municipal-de-Santana-do-Serido-1140/DE-10-2026-2026-451006;2026-01-21;Dispensa;Santana do Seridó;MUNICIPIO DE SANTANA DO SERIDO;AQUISIÇÃO;OUTROS;AQUISIÇÃO - OUTROS;[Portal de Compras Públicas] - Contratação de empresa especializada na prestação de serviço de emissão de certificado digital com e sem mídia física.;9136.53;https://portaldecompraspublicas.com.br/processos/RN/Prefeitura-Municipal-de-Santana-do-Serido-1140/DE-10-2026-2026-451006
https://portaldecompraspublicas.com.br/processos/RN/Prefeitura-Municipal-de-Santana-do-Serido-1140/DE-9-2026-2026-451014;2026-01-21;Dispensa;Santana do Seridó;MUNICIPIO DE SANTANA DO SERIDO;AQUISIÇÃO;OUTROS;AQUISIÇÃO - OUTROS;[Portal de Compras Públicas] - Contratação de pessoa jurídica especializada para a prestação de serviços de castração de cães e gatos, destinadas a atender as demandas da Secretaria Municipal de Saúde.;65300.0;https://portaldecompraspublicas.com.br/processos/RN/Prefeitura-Municipal-de-Santana-do-Serido-1140/DE-9-2026-2026-451014
https://transparencia.agilirn.com.br/prefipanguacu-rn/licitacoes/licitacao?id=171;2026-01-21;Dispensa;Ipanguaçu;MUNICIPIO DE IPANGUACU;AQUISIÇÃO;OUTROS;AQUISIÇÃO - OUTROS;Futura contratação de empresa especializada para prestação de serviços de revisão preventiva em ambulância nova pertencente à Secretaria Municipal de Saúde, incluindo a execução dos serviços necessários e o fornecimento das peças indispensáveis à manutenção do veículo.;1003.83;https://transparencia.agilirn.com.br/prefipanguacu-rn/licitacoes/licitacao?id=171
https://www.governotransparente.com.br/transparencia/68839589/consultarlicitacao?datainfo=MTIwMjMxMDIzMTkyNFBQUA==&clean=false;2026-01-21;Dispensa;Taipu;TAIPU CAMARA MUNICIPAL;SERVIÇOS;OUTROS;SERVIÇOS - OUTROS;serviços de assessoria no levantamento dos índices, análises e preparação e de relatórios das contas de gestão do exercício financeiro de 2025 no que compreende a Resolução no 012/2016 do Tribunal de Contas do Estado - TCE/RN;0.0;https://www.governotransparente.com.br/transparencia/68839589/consultarlicitacao?datainfo=MTIwMjMxMDIzMTkyNFBQUA==&clean=false
https://portaldecompraspublicas.com.br/processos/RN/Prefeitura-Municipal-de-Nova-Cruz-1022/DE-26-2025-2026-451131;2026-01-21;Dispensa;Nova Cruz;MUNICIPIO DE NOVA CRUZ;AQUISIÇÃO;OUTROS;AQUISIÇÃO - OUTROS;[Portal de Compras Públicas] - Contratação de pessoa jurídica para aquisição de Material Permanente, para atender as necessidades da Secretaria Municipal de Trabalho, Habitação e Assistência Social, no município de Nova Cruz/RN.;27774.34;https://portaldecompraspublicas.com.br/processos/RN/Prefeitura-Municipal-de-Nova-Cruz-1022/DE-26-2025-2026-451131
https://portaldecompraspublicas.com.br/processos/RN/Prefeitura-Municipal-de-Janduis-572/DE-85-2025-2026-451150;2026-01-21;Dispensa;Janduís;MUNICIPIO DE JANDUIS;AQUISIÇÃO;OUTROS;AQUISIÇÃO - OUTROS;[Portal de Compras Públicas] - Aquisição de cortinas de ar, destinadas as Unidades Básicas de Saúde do Município de Janduís-rn.;2102.58;https://portaldecompraspublicas.com.br/processos/RN/Prefeitura-Municipal-de-Janduis-572/DE-85-2025-2026-451150
https://transparencia.agilirn.com.br/cammacau-rn/licitacoes/licitacao?id=387;2026-01-21;Dispensa;Macau;CAMARA MUNICIPAL DE MACAU;AQUISIÇÃO;OUTROS;AQUISIÇÃO - OUTROS;CONTRATAÇÃO DE PESSOA JURÍDICA NA PRESTAÇÃO DE SERVIÇOS DE CERTIFICAÇÃO DIGITAL, NO PADRÃO ICP-BRASIL, INCLUINDO A EMISSÃO, VALIDAÇÃO E/OU RENOVAÇÃO DE CERTIFICADOS DIGITAIS E O RESPECTIVO SUPORTE TÉCNICO, VISANDO ATENDER ÀS NECESSIDADES OPERACIONAIS E ADMINISTRATIVAS DA CÂMARA MUNICIPAL DE MACAU/RN;1074.0;https://transparencia.agilirn.com.br/cammacau-rn/licitacoes/licitacao?id=387
https://portaldecompraspublicas.com.br/processos/RN/Prefeitura-Municipal-de-Mossoro-1230/DE-01-2026-2026-450939;2026-01-21;Dispensa;Mossoró;MUNICIPIO DE MOSSORO;AQUISIÇÃO;OUTROS;AQUISIÇÃO - OUTROS;[Portal de Compras Públicas] - O objeto da presente dispensa é a escolha da proposta mais vantajosa para o objeto da presente dispensa é na modalidade de menor valor para a aquisição de cadeiras para atender às necessidades estruturais da Procuradoria Geral do Município de Mossoró, conforme condições e exigências estabelecidas neste instrumento., conforme condições, quantidades e especificações estabelecidas neste Aviso de Contratação Direta e seus anexos.;32346.61;https://portaldecompraspublicas.com.br/processos/RN/Prefeitura-Municipal-de-Mossoro-1230/DE-01-2026-2026-450939
https://portaldecompraspublicas.com.br/processos/RN/Prefeitura-Municipal-de-Santa-Cruz-1190/DE-3-2026-2026-451324;2026-01-21;Dispensa;Santa Cruz;MUNICIPIO DE SANTA CRUZ;AQUISIÇÃO;OUTROS;AQUISIÇÃO - OUTROS;[Portal de Compras Públicas] - Aquisição de bolsas (mochilas) destinadas aos professores da rede municipal de ensino do Município de Santa Cruz/RN, a serem entregues durante a realização da Semana Pedagógica.;16887.0;https://portaldecompraspublicas.com.br/processos/RN/Prefeitura-Municipal-de-Santa-Cruz-1190/DE-3-2026-2026-451324
https://portaldecompraspublicas.com.br/processos/RN/Prefeitura-Municipal-de-Santa-Cruz-1190/DE-4-2026-2026-451329;2026-01-21;Dispensa;Santa Cruz;MUNICIPIO DE SANTA CRUZ;AQUISIÇÃO;OUTROS;AQUISIÇÃO - OUTROS;[Portal de Compras Públicas] - SERVIÇO DE ORGANIZAÇÃO E DECORAÇÃO DA SEMANA PEDAGÓGICA DO MUNICÍPIO DE SANTA CRUZ/RN, A SER REALIZADO NOS DIAS 03 DE FEVEREIRO DE 2026;29384.58;https://portaldecompraspublicas.com.br/processos/RN/Prefeitura-Municipal-de-Santa-Cruz-1190/DE-4-2026-2026-451329
https://portaldecompraspublicas.com.br/processos/RN/Prefeitura-Municipal-de-Acari-1863/DE-004-2026-2026-451344;2026-01-22;Dispensa;Acari;MUNICIPIO DE ACARI;AQUISIÇÃO;OUTROS;AQUISIÇÃO - OUTROS;[Portal de Compras Públicas] - CONTRATAÇÃO DE EMPRESA ESPECIALIZADA PARA EXECUÇÃO DO PROJETO DE TRABALHO SOCIAL (PTS), ELABORADO PARA O MUNICÍPIO DE ACARI/RN, VISANDO O DESENVOLVIMENTO SOCIAL DAS FAMÍLIAS BENEFICIÁRIAS DAS INTERVENÇÕES HABITACIONAIS REALIZADAS NA REGIÃO CENTRAL DO MUNICÍPIO DE ACARI/RN;30200.0;https://portaldecompraspublicas.com.br/processos/RN/Prefeitura-Municipal-de-Acari-1863/DE-004-2026-2026-451344
https://portaldecompraspublicas.com.br/processos/RN/Prefeitura-Municipal-de-Acari-1863/DE-005-2026-2026-451349;2026-01-22;Dispensa;Acari;MUNICIPIO DE ACARI;AQUISIÇÃO;OUTROS;AQUISIÇÃO - OUTROS;[Portal de Compras Públicas] - REGISTRO DE PREÇOS PARA FUTURA E EVENTUAL AQUISIÇÃO DE QUADROS BRANCOS PARA AS UNIDADES ESCOLARES DA REDE MUNICIPAL DE ENSINO, NO MUNICÍPIO DE ACARI/RN.;9793.4;https://portaldecompraspublicas.com.br/processos/RN/Prefeitura-Municipal-de-Acari-1863/DE-005-2026-2026-451349
